id,age,priors_count.1,juv_fel_count,juv_misd_count,c_charge_degree,offense_type
2887,0,10,0,0,0,0
2887,0,5,7,0,0,0
2887,0,0,9,0,M,0
5269,58,0,0,0,0,0
5269,34,0,0,0,0,0
5269,55,0,0,4,0,0
2372,92,14,0,0,0,0
2372,0,2,0,11,0,0
2372,18,0,5,0,0,0
6189,56,0,0,0,0,0
6189,44,0,0,0,0,violent crime
6189,61,0,0,4,0,0
880,0,22,0,0,0,0
880,0,15,5,0,0,0
880,20,0,0,7,0,0
3230,67,0,0,0,0,arrested but not charged
3230,0,0,0,0,M,0
3230,60,0,0,0,0,arrested but not charged
1434,50,0,7,0,0,0
1434,64,10,0,0,0,0
1434,0,0,14,0,0,0
631,0,24,0,0,0,property crime
631,0,16,0,0,0,0
631,0,38,0,0,0,0
5046,0,38,6,0,0,0
5046,0,33,0,0,0,obstruction of justice
5046,0,13,0,11,0,0
6285,69,32,0,0,0,0
6285,23,0,16,0,0,0
6285,0,26,6,0,0,0
2410,54,27,0,0,0,0
2410,0,0,17,5,0,0
2410,0,21,17,0,0,0
1067,0,5,0,9,0,0
1067,0,6,0,8,0,0
1067,71,0,2,0,0,0
5806,79,17,0,0,0,0
5806,0,0,6,0,0,fraud and financial crime
5806,0,0,4,0,0,obstruction of justice
2403,58,0,0,0,F,0
2403,73,33,0,0,0,0
2403,66,0,0,10,0,0
3871,0,8,0,0,0,weapons-related crime
3871,0,10,0,0,0,obstruction of justice
3871,29,30,0,0,0,0
1869,65,0,0,0,F,0
1869,77,0,0,9,0,0
1869,69,0,0,2,0,0
2130,0,30,0,13,0,0
2130,19,0,0,0,0,0
2130,0,21,0,0,0,0
3410,0,14,0,0,0,obstruction of justice
3410,0,16,0,12,0,0
3410,0,28,0,3,0,0
6453,0,0,0,6,0,violent crime
6453,0,0,0,10,0,0
6453,68,0,0,0,0,0
5593,76,0,0,0,0,0
5593,72,0,0,0,0,0
5593,72,0,0,0,0,property crime
356,0,18,0,1,0,0
356,0,29,0,0,0,obstruction of justice
356,30,0,16,0,0,0
2003,55,0,0,0,0,weapons-related crime
2003,77,0,0,9,0,0
2003,45,0,0,0,0,public order crime
4630,0,22,16,0,0,0
4630,58,18,0,0,0,0
4630,80,6,0,0,0,0
2349,0,0,9,2,0,0
2349,0,16,0,0,0,drug crime
2349,81,0,0,0,0,property crime
2086,0,0,9,2,0,0
2086,0,16,0,0,0,drug crime
2086,81,0,0,0,0,property crime
3852,0,8,0,0,0,weapons-related crime
3852,0,10,0,0,0,obstruction of justice
3852,18,0,0,12,0,0
4700,94,0,0,9,0,0
4700,0,0,20,0,M,0
4700,80,0,0,4,0,0
1645,0,34,0,10,0,0
1645,23,25,0,0,0,0
1645,0,5,0,0,0,property crime
2149,0,0,0,7,F,0
2149,64,0,0,0,0,0
2149,0,0,0,9,0,obstruction of justice
63,0,1,1,0,0,0
63,0,3,5,0,0,0
63,0,0,16,4,0,0
305,0,10,18,0,0,0
305,0,15,0,0,0,0
305,0,16,0,0,0,0
3831,62,0,0,0,M,0
3831,76,0,0,0,0,0
3831,0,2,0,0,0,0
4815,0,0,0,0,0,weapons-related crime
4815,69,0,0,0,0,fraud and financial crime
4815,67,0,0,0,0,obstruction of justice
4424,0,38,6,0,0,0
4424,0,18,0,0,M,0
4424,0,12,0,0,0,0
6219,59,0,0,0,0,public order crime
6219,73,0,0,0,0,0
6219,57,0,0,11,0,0
5463,0,31,9,0,0,0
5463,86,0,0,0,0,0
5463,84,0,0,13,0,0
2045,0,0,0,10,0,public order crime
2045,0,0,17,9,0,0
2045,0,0,4,0,F,0
2295,0,15,0,0,0,0
2295,0,15,0,0,F,0
2295,0,28,0,0,0,fraud and financial crime
2643,0,16,8,0,0,0
2643,0,31,0,0,0,0
2643,0,30,0,0,0,0
4867,55,0,0,4,0,0
4867,66,0,0,4,0,0
4867,67,0,0,0,0,arrested but not charged
6236,0,12,0,0,0,0
6236,0,31,0,5,0,0
6236,0,23,0,0,0,obstruction of justice
4717,65,0,0,0,0,drug crime
4717,66,0,0,10,0,0
4717,0,0,0,9,0,arrested but not charged
3072,55,0,0,4,0,0
3072,65,0,0,0,0,fraud and financial crime
3072,68,0,0,0,0,drug crime
4054,24,0,18,0,0,0
4054,0,8,0,0,0,violent crime
4054,0,33,0,0,0,violent crime
193,51,0,0,0,0,0
193,0,0,0,0,M,arrested but not charged
193,60,0,0,0,0,0
2081,20,0,0,7,0,0
2081,0,21,0,0,0,property crime
2081,0,28,0,3,0,0
1601,0,17,0,0,0,property crime
1601,0,24,0,2,0,0
1601,0,5,0,0,0,property crime
4011,0,15,0,1,0,0
4011,0,16,0,12,0,0
4011,0,0,6,6,0,0
6013,77,0,0,0,M,0
6013,0,0,0,0,M,0
6013,72,0,16,0,0,0
1229,72,28,0,0,0,0
1229,0,1,0,0,0,0
1229,39,0,0,11,0,0
6444,76,0,0,0,0,0
6444,72,0,0,0,0,0
6444,49,0,0,0,0,obstruction of justice
5859,0,0,19,0,0,0
5859,0,25,15,0,0,0
5859,47,34,0,0,0,0
2260,68,0,0,0,0,0
2260,39,0,0,11,0,0
2260,57,0,0,11,0,0
3556,0,34,0,0,0,property crime
3556,81,0,0,0,0,property crime
3556,0,32,0,0,F,0
2240,19,0,0,0,0,0
2240,0,14,0,0,0,0
2240,0,21,0,0,0,0
5891,51,0,0,0,0,0
5891,50,0,7,0,0,0
5891,0,0,0,0,0,weapons-related crime
3469,24,0,0,0,0,property crime
3469,0,33,0,0,0,0
3469,0,0,17,0,0,property crime
2241,0,38,6,0,0,0
2241,0,15,0,0,0,0
2241,0,16,0,0,0,0
5183,95,0,0,0,M,0
5183,92,0,11,0,0,0
5183,0,0,15,0,0,obstruction of justice
538,0,5,5,0,0,0
538,83,0,0,0,0,obstruction of justice
538,0,8,0,0,0,weapons-related crime
57,0,0,18,0,0,0
57,0,5,5,0,0,0
57,0,35,11,0,0,0
1761,0,19,9,0,0,0
1761,0,7,0,0,0,0
1761,0,15,12,0,0,0
91,0,15,0,0,0,0
91,20,0,0,7,0,0
91,0,14,14,0,0,0
1868,0,0,0,9,0,obstruction of justice
1868,66,0,0,4,0,0
1868,66,0,0,10,0,0
3511,52,0,2,0,0,0
3511,66,0,0,0,0,0
3511,50,0,0,4,0,0
95,0,35,0,0,0,drug crime
95,0,0,1,0,0,drug crime
95,22,0,16,0,0,0
5632,0,0,19,0,0,0
5632,88,0,1,0,0,0
5632,0,28,8,0,0,0
1048,34,0,0,0,0,0
1048,70,0,14,0,0,0
1048,69,0,0,0,M,0
5739,55,0,0,4,0,0
5739,30,0,0,0,0,arrested but not charged
5739,75,0,0,2,0,0
3239,0,38,6,0,0,0
3239,0,33,0,0,0,obstruction of justice
3239,0,13,0,11,0,0
6295,0,0,0,5,0,violent crime
6295,0,0,0,7,0,public order crime
6295,0,13,0,3,0,0
998,59,0,18,0,0,0
998,0,0,0,0,M,0
998,72,0,16,0,0,0
4775,0,24,0,0,0,0
4775,0,0,14,1,0,0
4775,0,38,0,0,M,0
1895,0,0,9,2,0,0
1895,0,16,0,0,0,drug crime
1895,81,0,0,0,0,property crime
1798,19,0,0,0,0,0
1798,0,14,0,0,0,0
1798,0,21,0,0,0,0
1976,77,0,0,0,0,weapons-related crime
1976,0,1,0,0,0,0
1976,60,0,0,0,0,0
4230,0,0,20,2,0,0
4230,0,21,0,0,0,drug crime
4230,0,5,7,0,0,0
3328,75,0,0,0,0,0
3328,0,0,0,0,M,0
3328,55,0,0,0,0,weapons-related crime
5494,0,0,0,12,0,violent crime
5494,77,0,0,9,0,0
5494,71,0,2,0,0,0
3301,0,38,6,0,0,0
3301,0,33,0,0,0,obstruction of justice
3301,0,13,0,11,0,0
4056,84,0,0,0,M,0
4056,0,6,0,3,0,0
4056,0,0,18,0,0,drug crime
3317,0,0,18,0,M,0
3317,0,24,0,0,0,0
3317,0,30,0,13,0,0
4339,77,0,0,0,0,weapons-related crime
4339,0,2,0,4,0,0
4339,0,2,0,2,0,0
2951,59,0,0,0,0,0
2951,48,0,0,0,0,0
2951,76,0,0,0,0,public order crime
2322,23,0,16,0,0,0
2322,0,6,18,0,0,0
2322,0,0,4,0,F,0
5771,67,0,0,0,0,arrested but not charged
5771,54,0,0,4,0,0
5771,67,0,0,7,0,0
2333,0,19,9,0,0,0
2333,0,7,0,0,0,0
2333,0,15,12,0,0,0
2868,67,0,0,7,0,0
2868,0,0,0,0,0,weapons-related crime
2868,67,0,0,0,0,0
1353,0,13,0,0,F,0
1353,0,20,0,0,0,0
1353,0,16,0,0,0,violent crime
1767,0,0,0,0,F,0
1767,64,0,0,0,0,0
1767,75,0,0,2,0,0
2148,0,9,0,0,0,0
2148,0,22,12,0,0,0
2148,0,9,0,0,F,0
4146,0,15,0,0,0,0
4146,20,0,0,7,0,0
4146,0,14,14,0,0,0
1824,0,21,0,0,0,drug crime
1824,22,0,0,0,0,fraud and financial crime
1824,0,19,9,0,0,0
6622,54,27,0,0,0,0
6622,55,0,0,0,0,0
6622,70,0,14,0,0,0
2342,40,0,0,0,0,arrested but not charged
2342,45,0,0,0,0,weapons-related crime
2342,72,0,16,0,0,0
170,0,10,0,13,0,0
170,0,0,20,5,0,0
170,0,28,0,0,0,property crime
5415,75,0,0,0,0,0
5415,71,9,0,0,0,0
5415,51,0,0,0,0,0
298,0,0,0,4,M,0
298,0,0,14,0,0,0
298,0,0,0,10,M,0
3732,0,27,0,0,0,0
3732,0,0,0,10,0,violent crime
3732,72,28,0,0,0,0
4469,0,5,0,0,0,0
4469,72,28,0,0,0,0
4469,77,0,0,0,M,0
956,0,0,0,12,0,fraud and financial crime
956,48,0,0,0,0,weapons-related crime
956,72,0,16,0,0,0
2409,0,30,0,13,0,0
2409,19,0,0,0,0,0
2409,0,21,0,0,0,0
2939,55,0,0,4,0,0
2939,66,0,0,4,0,0
2939,67,0,0,0,0,arrested but not charged
2717,0,0,8,0,0,0
2717,0,37,0,5,0,0
2717,0,16,0,0,0,drug crime
3000,0,0,5,0,0,arrested but not charged
3000,67,0,0,0,0,0
3000,75,0,0,0,0,0
6027,64,0,0,0,0,0
6027,0,0,0,0,M,0
6027,40,0,0,0,0,property crime
4697,59,0,0,0,0,0
4697,48,0,0,0,0,0
4697,76,0,0,0,0,public order crime
4672,92,14,0,0,0,0
4672,19,0,0,11,0,0
4672,57,36,0,0,0,0
4592,69,0,0,0,0,0
4592,53,0,0,0,0,drug crime
4592,50,0,0,0,0,0
963,88,0,0,11,0,0
963,90,0,0,0,M,0
963,0,24,0,2,0,0
2105,19,0,0,0,0,0
2105,0,14,0,0,0,0
2105,0,21,0,0,0,0
6402,76,3,0,0,0,0
6402,67,0,0,6,0,0
6402,0,0,0,4,0,obstruction of justice
4657,92,14,0,0,0,0
4657,19,0,0,11,0,0
4657,57,36,0,0,0,0
5793,92,0,0,2,0,0
5793,75,0,0,0,0,0
5793,57,0,0,0,0,0
2210,0,21,0,0,0,drug crime
2210,22,0,0,0,0,fraud and financial crime
2210,0,19,9,0,0,0
5896,56,0,0,0,0,0
5896,74,0,0,0,0,0
5896,0,1,0,0,0,obstruction of justice
4663,0,11,0,11,0,0
4663,0,30,0,0,0,0
4663,0,31,0,5,0,0
559,66,0,0,4,0,0
559,71,0,2,0,0,0
559,66,0,0,10,0,0
1064,0,0,18,0,0,0
1064,0,8,0,0,0,violent crime
1064,29,22,0,0,0,0
6403,0,0,0,13,0,obstruction of justice
6403,0,0,0,4,0,weapons-related crime
6403,0,0,0,11,0,public order crime
5802,0,32,0,0,0,0
5802,89,13,0,0,0,0
5802,0,6,0,0,0,drug crime
5517,61,0,0,6,0,0
5517,74,0,0,0,0,0
5517,43,0,0,4,0,0
4793,71,11,0,0,0,0
4793,60,0,0,0,0,arrested but not charged
4793,41,0,0,0,0,fraud and financial crime
3073,66,0,0,10,0,0
3073,60,0,0,0,0,0
3073,0,0,0,12,M,0
5417,0,38,0,0,0,0
5417,0,25,0,0,0,0
5417,0,12,8,0,0,0
4837,72,0,0,0,0,0
4837,30,0,0,0,0,arrested but not charged
4837,39,0,0,11,0,0
3118,36,0,0,0,0,0
3118,72,28,0,0,0,0
3118,76,3,0,0,0,0
3319,34,0,0,0,0,0
3319,48,0,0,0,0,0
3319,68,0,0,0,M,0
237,67,0,0,0,0,0
237,42,0,0,0,0,0
237,82,0,0,0,0,obstruction of justice
21,86,0,0,0,0,0
21,53,0,7,0,0,0
21,48,16,0,0,0,0
2791,73,0,0,0,0,0
2791,49,0,0,0,0,weapons-related crime
2791,67,0,0,0,0,0
6195,0,26,0,0,0,0
6195,0,5,7,0,0,0
6195,94,0,0,9,0,0
4914,64,0,0,0,0,0
4914,59,0,0,0,M,0
4914,71,0,2,0,0,0
6176,67,0,0,0,0,arrested but not charged
6176,74,0,0,0,0,0
6176,57,0,0,11,0,0
1008,41,0,0,0,0,0
1008,55,0,0,0,0,0
1008,70,0,0,0,0,0
7058,0,26,10,0,0,0
7058,0,0,6,0,0,0
7058,0,8,0,12,0,0
1875,29,0,0,0,0,0
1875,59,0,18,0,0,0
1875,0,28,0,0,0,fraud and financial crime
5395,65,0,0,0,0,0
5395,48,0,0,0,0,weapons-related crime
5395,74,19,0,0,0,0
6367,61,0,0,0,0,0
6367,55,0,0,4,0,0
6367,0,0,0,11,0,arrested but not charged
1772,40,0,0,0,0,arrested but not charged
1772,45,0,0,0,0,weapons-related crime
1772,72,0,16,0,0,0
436,0,22,0,0,0,0
436,0,15,5,0,0,0
436,20,0,0,7,0,0
6714,59,0,0,0,0,0
6714,48,0,0,0,0,0
6714,76,0,0,0,0,public order crime
2261,76,0,0,0,0,0
2261,50,0,0,4,0,0
2261,58,0,0,0,0,0
3176,0,0,13,0,0,public order crime
3176,0,19,11,0,0,0
3176,0,24,0,2,0,0
36,54,0,0,4,0,0
36,50,0,0,0,0,0
36,41,0,0,0,0,0
867,64,10,0,0,0,0
867,0,8,0,12,0,0
867,0,5,17,0,0,0
2127,0,0,9,2,0,0
2127,0,16,0,0,0,drug crime
2127,81,0,0,0,0,property crime
6484,0,0,0,10,0,fraud and financial crime
6484,63,0,0,0,0,0
6484,49,0,0,3,0,0
71,0,0,20,2,0,0
71,0,21,0,0,0,drug crime
71,0,5,7,0,0,0
367,57,0,0,11,0,0
367,0,15,0,0,0,0
367,0,0,4,12,0,0
3500,0,15,0,1,0,0
3500,0,16,0,12,0,0
3500,0,34,0,8,0,0
3857,23,0,16,0,0,0
3857,67,18,0,0,0,0
3857,48,16,0,0,0,0
7030,0,32,0,0,0,0
7030,0,19,0,0,0,property crime
7030,0,26,0,0,0,property crime
2232,66,0,0,10,0,0
2232,58,0,0,0,F,0
2232,75,0,0,2,0,0
5543,76,0,0,0,0,0
5543,72,0,0,0,0,0
5543,71,0,0,2,0,0
5508,71,0,0,2,0,0
5508,74,19,0,0,0,0
5508,61,0,0,0,0,0
2926,0,38,6,0,0,0
2926,0,33,0,0,0,obstruction of justice
2926,0,13,0,11,0,0
6785,0,32,0,0,0,violent crime
6785,0,0,11,0,0,obstruction of justice
6785,0,13,0,7,0,0
2698,0,0,18,0,0,0
2698,0,33,0,11,0,0
2698,0,0,17,0,0,fraud and financial crime
6124,0,0,11,0,0,obstruction of justice
6124,18,0,0,0,0,0
6124,0,0,5,0,0,weapons-related crime
3341,0,0,19,0,0,0
3341,88,0,1,0,0,0
3341,0,28,8,0,0,0
5253,0,2,0,0,0,arrested but not charged
5253,76,0,0,0,0,0
5253,0,2,0,0,0,0
5374,0,26,0,0,0,violent crime
5374,23,25,0,0,0,0
5374,82,0,0,2,0,0
4618,58,0,0,0,0,0
4618,34,0,0,0,0,0
4618,55,0,0,4,0,0
2004,0,38,6,0,0,0
2004,0,15,0,0,0,0
2004,0,16,0,0,0,0
5553,71,0,0,2,0,0
5553,76,0,0,0,0,public order crime
5553,58,2,0,0,0,0
3479,0,19,0,0,F,0
3479,0,29,0,0,0,drug crime
3479,83,7,0,0,0,0
5938,0,30,0,0,0,0
5938,89,13,0,0,0,0
5938,0,26,0,0,0,property crime
1241,0,31,0,12,0,0
1241,0,0,6,0,0,fraud and financial crime
1241,0,29,0,0,0,drug crime
5407,0,19,11,0,0,0
5407,0,0,0,0,0,fraud and financial crime
5407,40,0,8,0,0,0
4516,38,15,0,0,0,0
4516,0,15,0,0,0,0
4516,0,16,0,0,0,0
1671,0,0,18,0,0,0
1671,0,33,0,11,0,0
1671,0,0,17,0,0,fraud and financial crime
4625,0,38,0,0,M,0
4625,93,0,15,0,0,0
4625,0,0,16,1,0,0
1194,0,5,0,10,0,0
1194,61,0,0,0,M,0
1194,69,0,0,2,0,0
4887,0,0,0,10,0,arrested but not charged
4887,76,0,0,0,0,public order crime
4887,0,2,0,0,0,arrested but not charged
5079,0,38,0,0,0,0
5079,0,12,0,0,0,0
5079,0,21,0,0,0,0
6288,0,19,11,0,0,0
6288,0,0,0,0,0,fraud and financial crime
6288,40,0,8,0,0,0
1215,0,0,20,5,0,0
1215,91,0,0,0,0,0
1215,27,0,0,8,0,0
2594,0,19,9,0,0,0
2594,0,7,0,0,0,0
2594,0,15,12,0,0,0
490,46,0,12,0,0,0
490,0,15,0,0,0,0
490,0,31,9,0,0,0
3651,0,0,0,0,0,0
3651,75,0,0,0,0,0
3651,50,0,0,0,M,0
1179,0,31,0,5,0,0
1179,47,34,0,0,0,0
1179,0,26,8,0,0,0
2718,0,23,0,0,0,property crime
2718,0,26,10,0,0,0
2718,0,5,9,0,0,0
6224,0,34,0,0,0,property crime
6224,90,0,0,0,M,0
6224,80,0,0,10,0,0
2582,19,0,0,0,0,0
2582,0,14,0,0,0,0
2582,0,21,0,0,0,0
3151,67,0,0,0,0,0
3151,42,0,0,0,0,0
3151,62,0,0,0,0,0
7048,40,0,0,0,0,arrested but not charged
7048,39,0,0,11,0,0
7048,75,0,1,0,0,0
4607,0,11,0,11,0,0
4607,0,30,0,0,0,0
4607,0,31,0,5,0,0
4595,0,11,0,11,0,0
4595,0,30,0,0,0,0
4595,0,31,0,5,0,0
1769,76,0,0,0,0,0
1769,50,0,0,4,0,0
1769,58,0,0,0,0,0
4094,25,0,0,2,0,0
4094,0,29,0,0,0,drug crime
4094,0,26,0,0,0,0
6658,76,3,0,0,0,0
6658,0,2,0,0,0,arrested but not charged
6658,61,0,1,0,0,0
2125,0,8,0,12,0,0
2125,0,0,19,0,0,0
2125,0,17,0,0,0,property crime
5282,58,0,0,0,0,fraud and financial crime
5282,68,0,0,0,0,0
5282,65,0,0,0,0,drug crime
5226,0,26,0,0,0,0
5226,0,14,0,0,0,obstruction of justice
5226,0,0,6,0,0,fraud and financial crime
6440,0,0,18,0,M,0
6440,0,24,0,0,0,0
6440,0,30,0,13,0,0
462,0,0,12,0,M,0
462,0,14,0,0,M,0
462,0,22,0,0,0,violent crime
5038,19,0,0,11,0,0
5038,0,29,0,0,0,obstruction of justice
5038,31,0,11,0,0,0
6607,91,26,0,0,0,0
6607,58,0,0,0,0,fraud and financial crime
6607,72,0,16,0,0,0
4679,0,32,0,0,0,0
4679,64,22,0,0,0,0
4679,0,10,18,0,0,0
7006,77,0,0,9,0,0
7006,51,0,0,0,0,0
7006,0,0,0,8,0,arrested but not charged
500,41,0,0,0,0,0
500,55,0,0,0,0,0
500,70,0,0,0,0,0
607,79,0,0,0,0,0
607,0,28,0,7,0,0
607,83,0,18,0,0,0
4899,0,0,0,13,M,0
4899,58,0,0,0,0,0
4899,0,0,0,0,0,violent crime
1731,0,30,0,13,0,0
1731,19,0,0,0,0,0
1731,0,21,0,0,0,0
4460,76,0,0,2,0,0
4460,58,2,0,0,0,0
4460,76,0,0,0,0,0
3119,75,0,0,0,0,0
3119,0,0,0,11,0,violent crime
3119,71,11,0,0,0,0
6659,0,0,0,4,0,weapons-related crime
6659,0,36,3,0,0,0
6659,0,29,0,0,0,drug crime
2549,0,0,18,0,0,0
2549,0,33,0,11,0,0
2549,0,0,17,0,0,fraud and financial crime
6869,23,0,0,0,M,0
6869,84,0,0,0,0,0
6869,28,0,0,0,0,0
46,70,0,0,0,0,0
46,0,0,12,6,0,0
46,0,0,14,0,0,0
3881,0,32,0,0,0,violent crime
3881,0,15,0,0,0,0
3881,0,12,0,0,F,0
186,83,0,0,0,0,0
186,0,0,6,0,0,fraud and financial crime
186,84,0,0,13,0,0
2415,40,0,0,0,0,arrested but not charged
2415,45,0,0,0,0,weapons-related crime
2415,72,0,16,0,0,0
396,52,0,2,0,0,0
396,68,0,0,0,M,0
396,66,0,0,10,0,0
6476,76,3,0,0,0,0
6476,67,0,0,6,0,0
6476,0,0,0,4,0,obstruction of justice
3912,0,32,0,0,0,violent crime
3912,0,15,0,0,0,0
3912,0,12,0,0,F,0
3499,0,34,0,8,0,0
3499,0,16,0,0,0,drug crime
3499,0,6,18,0,0,0
6568,71,11,0,0,0,0
6568,67,0,0,0,0,arrested but not charged
6568,72,0,16,0,0,0
5687,0,0,0,8,0,weapons-related crime
5687,40,0,0,0,0,property crime
5687,71,0,2,0,0,0
5445,0,0,6,10,0,0
5445,0,0,10,0,0,weapons-related crime
5445,18,0,5,0,0,0
5829,0,9,0,0,0,0
5829,35,0,7,0,0,0
5829,47,34,0,0,0,0
5472,77,0,0,0,M,0
5472,0,1,0,0,0,0
5472,77,0,0,9,0,0
505,90,0,0,0,0,0
505,0,33,0,11,0,0
505,0,18,0,1,0,0
2618,70,0,0,0,0,0
2618,35,0,0,0,0,0
2618,47,0,0,0,0,0
260,64,10,0,0,0,0
260,25,0,0,2,0,0
260,0,0,13,0,0,fraud and financial crime
2052,0,25,0,0,0,0
2052,0,6,2,0,0,0
2052,0,28,0,0,0,public order crime
4876,0,25,0,0,0,0
4876,0,33,0,0,0,0
4876,0,23,0,0,0,0
3231,76,0,0,2,0,0
3231,58,2,0,0,0,0
3231,76,0,0,0,0,0
3562,0,8,0,0,0,weapons-related crime
3562,0,10,0,0,0,obstruction of justice
3562,18,0,0,12,0,0
4031,54,27,0,0,0,0
4031,0,0,17,5,0,0
4031,0,21,17,0,0,0
3569,0,24,0,0,0,0
3569,0,16,0,0,0,drug crime
3569,87,0,0,13,0,0
331,69,0,0,0,0,0
331,0,0,0,13,0,0
331,72,0,0,0,0,0
3902,0,0,0,12,0,arrested but not charged
3902,0,0,0,5,0,weapons-related crime
3902,0,0,0,0,F,0
6824,0,8,0,2,0,0
6824,0,28,0,0,0,property crime
6824,18,0,0,5,0,0
5873,0,0,18,0,M,0
5873,0,24,0,0,0,0
5873,0,30,0,13,0,0
232,0,0,18,0,0,0
232,0,14,0,0,0,obstruction of justice
232,0,20,17,0,0,0
6143,0,0,0,6,0,violent crime
6143,0,1,0,0,M,0
6143,75,0,0,0,0,weapons-related crime
3089,0,24,0,0,0,0
3089,0,8,0,12,0,0
3089,0,0,9,0,0,drug crime
3307,0,0,18,0,M,0
3307,0,24,0,0,0,0
3307,0,30,0,13,0,0
723,0,29,0,0,0,0
723,0,0,15,0,0,violent crime
723,0,37,0,0,M,0
5993,72,0,0,0,0,0
5993,73,33,0,0,0,0
5993,39,0,0,11,0,0
6881,53,0,0,0,0,0
6881,0,0,0,0,0,weapons-related crime
6881,0,0,0,10,M,0
1805,92,14,0,0,0,0
1805,0,2,0,11,0,0
1805,18,0,5,0,0,0
1631,92,0,0,0,0,0
1631,86,0,0,0,0,0
1631,0,24,0,0,0,0
2050,0,26,0,0,0,0
2050,0,3,5,0,0,0
2050,26,6,0,0,0,0
6180,0,0,0,10,0,fraud and financial crime
6180,58,2,0,0,0,0
6180,77,0,0,0,0,weapons-related crime
6280,0,0,19,0,0,0
6280,88,0,1,0,0,0
6280,0,28,8,0,0,0
177,19,0,0,0,0,0
177,49,35,0,0,0,0
177,0,0,18,0,0,weapons-related crime
2243,92,14,0,0,0,0
2243,0,2,0,11,0,0
2243,18,0,5,0,0,0
1394,53,0,0,0,0,0
1394,68,0,9,0,0,0
1394,50,0,0,4,0,0
4488,47,0,0,0,0,0
4488,45,0,0,0,0,0
4488,72,0,0,0,0,0
1669,0,34,0,10,0,0
1669,24,0,18,0,0,0
1669,0,4,6,0,0,0
1526,19,0,0,0,0,0
1526,0,14,0,0,0,0
1526,0,21,0,0,0,0
5839,34,0,0,0,0,0
5839,48,0,0,0,0,0
5839,68,0,0,0,M,0
4781,0,9,12,0,0,0
4781,23,0,0,0,0,0
4781,90,0,0,0,0,public order crime
530,74,0,0,0,0,0
530,76,3,0,0,0,0
530,50,0,0,4,0,0
1941,0,31,0,0,0,arrested but not charged
1941,0,30,0,0,0,0
1941,0,34,0,10,0,0
2905,0,0,7,0,0,fraud and financial crime
2905,0,13,0,0,0,0
2905,0,18,0,1,0,0
3703,75,0,0,0,0,0
3703,75,0,0,2,0,0
3703,72,23,0,0,0,0
2723,0,13,0,0,0,property crime
2723,94,0,0,9,0,0
2723,0,0,18,3,0,0
2371,0,25,0,0,0,0
2371,0,6,2,0,0,0
2371,0,28,0,0,0,public order crime
2998,0,5,7,0,0,0
2998,0,13,0,11,0,0
2998,22,0,0,0,0,fraud and financial crime
3309,0,0,0,12,0,violent crime
3309,0,6,0,8,0,0
3309,73,33,0,0,0,0
4923,0,15,0,0,0,0
4923,91,26,0,0,0,0
4923,0,29,0,0,0,obstruction of justice
6001,0,0,0,10,0,violent crime
6001,0,2,0,0,0,0
6001,0,6,0,8,0,0
6188,71,0,0,2,0,0
6188,76,0,0,0,0,public order crime
6188,58,2,0,0,0,0
1543,59,0,0,0,0,0
1543,48,0,0,0,0,0
1543,76,0,0,0,0,public order crime
2191,19,0,0,0,0,0
2191,0,14,0,0,0,0
2191,0,21,0,0,0,0
7053,0,0,18,0,0,drug crime
7053,0,19,11,0,0,0
7053,0,0,12,0,0,public order crime
6021,76,0,0,0,0,0
6021,72,0,0,0,0,0
6021,76,6,0,0,0,0
803,43,0,0,4,0,0
803,0,2,0,0,0,0
803,74,19,0,0,0,0
4708,56,0,0,0,0,0
4708,35,0,0,6,0,0
4708,73,0,0,0,0,0
4585,90,0,0,0,0,drug crime
4585,0,22,0,3,0,0
4585,0,36,0,0,0,violent crime
2056,39,0,0,11,0,0
2056,0,0,4,12,0,0
2056,35,0,0,0,0,0
5011,0,15,0,0,0,0
5011,0,6,0,3,0,0
5011,0,29,0,0,0,obstruction of justice
6842,0,28,8,0,0,0
6842,0,10,0,0,0,obstruction of justice
6842,0,21,0,0,0,0
4922,0,15,0,0,0,0
4922,91,26,0,0,0,0
4922,0,29,0,0,0,obstruction of justice
3038,59,0,0,0,0,0
3038,48,0,0,0,0,0
3038,76,0,0,0,0,public order crime
933,0,0,15,0,0,drug crime
933,0,0,12,0,0,public order crime
933,0,0,3,8,0,0
4390,0,0,0,4,M,0
4390,0,0,0,5,0,weapons-related crime
4390,0,0,0,9,0,obstruction of justice
3186,22,0,16,0,0,0
3186,0,17,0,0,0,property crime
3186,30,0,0,0,0,arrested but not charged
5794,39,0,0,11,0,0
5794,0,0,0,13,M,0
5794,0,0,0,10,0,violent crime
1486,0,16,0,7,0,0
1486,19,24,0,0,0,0
1486,0,34,8,0,0,0
4378,0,26,0,0,0,0
4378,0,5,7,0,0,0
4378,0,0,9,2,0,0
2048,0,38,6,0,0,0
2048,0,15,0,0,0,0
2048,0,16,0,0,0,0
78,19,0,0,0,0,0
78,0,31,9,0,0,0
78,0,0,18,0,0,weapons-related crime
7092,78,0,0,2,0,0
7092,0,14,14,0,0,0
7092,94,21,0,0,0,0
1581,0,31,0,5,0,0
1581,93,0,0,4,0,0
1581,47,34,0,0,0,0
4047,0,30,0,13,0,0
4047,0,14,14,0,0,0
4047,83,7,0,0,0,0
6435,57,36,0,0,0,0
6435,0,22,0,0,0,arrested but not charged
6435,0,28,0,10,0,0
4199,76,0,0,0,0,0
4199,0,0,0,10,0,0
4199,48,0,0,0,0,0
4397,0,13,0,0,0,0
4397,0,14,0,0,0,obstruction of justice
4397,18,0,5,0,0,0
1809,92,14,0,0,0,0
1809,0,2,0,11,0,0
1809,18,0,5,0,0,0
1904,19,0,0,0,0,0
1904,0,14,0,0,0,0
1904,0,21,0,0,0,0
1930,0,0,18,0,0,0
1930,0,0,14,1,0,0
1930,94,0,0,9,0,0
6983,0,0,0,8,0,weapons-related crime
6983,58,0,0,0,0,fraud and financial crime
6983,53,0,0,0,0,drug crime
2177,0,25,0,0,0,0
2177,0,6,2,0,0,0
2177,0,28,0,0,0,public order crime
5936,75,0,0,2,0,0
5936,0,5,0,9,0,0
5936,0,0,0,9,0,obstruction of justice
3050,0,10,0,0,0,0
3050,0,5,7,0,0,0
3050,0,0,9,0,M,0
7073,54,0,0,0,0,0
7073,76,0,0,2,0,0
7073,0,0,0,0,M,0
1164,40,0,0,0,0,0
1164,76,0,0,0,0,public order crime
1164,58,2,0,0,0,0
6356,0,1,7,0,0,0
6356,76,0,0,0,0,0
6356,74,0,0,0,0,0
5947,0,5,0,0,0,public order crime
5947,0,0,0,0,M,0
5947,0,0,14,0,0,fraud and financial crime
4627,0,0,0,0,0,weapons-related crime
4627,69,0,0,0,0,fraud and financial crime
4627,67,0,0,0,0,obstruction of justice
4832,0,24,0,0,0,0
4832,0,8,0,12,0,0
4832,0,0,9,0,0,drug crime
2999,58,0,0,0,0,0
2999,34,0,0,0,0,0
2999,55,0,0,4,0,0
2064,0,31,0,5,0,0
2064,93,0,0,4,0,0
2064,47,34,0,0,0,0
1115,0,23,0,0,0,property crime
1115,0,0,1,0,0,drug crime
1115,0,0,8,0,0,violent crime
3084,65,0,0,0,0,0
3084,44,0,3,0,0,0
3084,65,0,0,0,F,0
5299,65,0,0,0,F,0
5299,0,0,0,0,0,weapons-related crime
5299,67,0,0,0,0,0
1498,77,0,0,0,0,weapons-related crime
1498,0,6,0,8,0,0
1498,0,2,0,11,0,0
6281,0,0,6,10,0,0
6281,0,0,10,0,0,weapons-related crime
6281,18,0,5,0,0,0
2856,0,38,0,0,M,0
2856,93,0,15,0,0,0
2856,0,0,16,1,0,0
4676,0,0,7,0,0,fraud and financial crime
4676,0,13,0,0,0,0
4676,0,18,0,1,0,0
5060,59,0,0,0,0,0
5060,48,0,0,0,0,0
5060,76,0,0,0,0,public order crime
2291,0,19,0,0,F,0
2291,23,0,0,6,0,0
2291,0,5,7,0,0,0
3289,0,15,0,0,0,0
3289,0,15,0,0,F,0
3289,0,28,0,0,0,fraud and financial crime
3664,92,0,0,0,0,0
3664,92,6,0,0,0,0
3664,0,34,0,8,0,0
2523,77,0,0,0,0,weapons-related crime
2523,0,6,0,8,0,0
2523,0,2,0,11,0,0
765,0,0,15,0,0,drug crime
765,0,0,12,0,0,public order crime
765,0,0,3,8,0,0
3223,74,19,0,0,0,0
3223,68,0,0,0,M,0
3223,0,0,0,6,0,fraud and financial crime
4461,0,0,0,10,0,arrested but not charged
4461,76,0,0,0,0,public order crime
4461,0,2,0,0,0,arrested but not charged
89,64,10,0,0,0,0
89,0,26,10,0,0,0
89,0,0,13,0,0,fraud and financial crime
3561,0,0,0,10,0,violent crime
3561,58,0,0,0,0,fraud and financial crime
3561,49,0,0,3,0,0
3697,82,0,0,0,0,obstruction of justice
3697,76,6,0,0,0,0
3697,70,0,0,0,0,0
6217,62,0,0,0,0,0
6217,0,0,0,5,0,0
6217,58,0,0,0,0,0
1284,0,29,0,0,0,0
1284,0,5,7,0,0,0
1284,0,17,0,0,0,drug crime
276,0,16,0,12,0,0
276,0,6,18,0,0,0
276,0,19,0,0,0,0
1962,20,0,0,7,0,0
1962,0,21,0,0,0,property crime
1962,0,28,0,3,0,0
3047,0,0,0,0,0,weapons-related crime
3047,69,0,0,0,0,fraud and financial crime
3047,67,0,0,0,0,obstruction of justice
4014,0,3,0,0,0,0
4014,0,23,0,0,0,property crime
4014,0,24,0,0,0,property crime
5465,0,26,0,0,0,violent crime
5465,0,0,6,0,0,0
5465,0,8,0,12,0,0
195,19,0,0,0,0,0
195,49,35,0,0,0,0
195,0,0,18,0,0,weapons-related crime
1659,0,25,0,0,0,0
1659,0,4,6,0,0,0
1659,0,28,0,0,0,public order crime
1880,47,34,0,0,0,0
1880,0,38,0,0,0,0
1880,0,21,0,0,0,0
2055,0,0,17,0,0,obstruction of justice
2055,0,0,9,4,0,0
2055,0,0,12,6,0,0
3963,0,15,0,1,0,0
3963,0,16,0,12,0,0
3963,0,0,6,6,0,0
955,77,0,0,0,0,weapons-related crime
955,59,0,0,0,M,0
955,69,0,0,2,0,0
669,0,0,0,12,0,fraud and financial crime
669,60,0,0,1,0,0
669,72,0,16,0,0,0
6608,0,0,0,12,M,0
6608,88,0,0,11,0,0
6608,71,0,0,2,0,0
4119,0,37,0,10,0,0
4119,83,0,0,0,0,obstruction of justice
4119,0,11,0,11,0,0
2817,76,0,0,0,0,0
2817,72,0,0,0,0,0
2817,60,0,0,0,0,0
1347,43,0,0,4,0,0
1347,72,0,16,0,0,0
1347,72,28,0,0,0,0
5006,73,0,0,0,0,0
5006,76,0,0,0,0,0
5006,76,6,0,0,0,0
3275,73,33,0,0,0,0
3275,74,0,0,0,0,0
3275,0,1,0,0,0,0
6414,0,27,18,0,0,0
6414,0,0,14,0,0,0
6414,0,3,0,0,0,0
1548,0,38,6,0,0,0
1548,0,33,0,0,0,obstruction of justice
1548,0,13,0,11,0,0
2653,54,27,0,0,0,0
2653,0,0,17,5,0,0
2653,0,21,17,0,0,0
6724,0,15,0,0,0,0
6724,91,26,0,0,0,0
6724,0,29,0,0,0,obstruction of justice
4971,0,11,0,11,0,0
4971,0,30,0,0,0,0
4971,0,14,14,0,0,0
1911,54,27,0,0,0,0
1911,0,0,17,5,0,0
1911,0,21,17,0,0,0
493,66,0,0,10,0,0
493,39,0,0,0,0,0
493,45,0,0,0,0,0
6838,52,0,2,0,0,0
6838,66,0,0,0,0,0
6838,50,0,0,4,0,0
6458,0,0,11,0,0,obstruction of justice
6458,18,0,0,0,0,0
6458,0,0,5,0,0,weapons-related crime
6716,65,0,0,0,0,0
6716,67,0,0,0,0,arrested but not charged
6716,34,0,0,0,0,obstruction of justice
464,41,0,0,0,0,0
464,55,0,0,0,0,0
464,70,0,0,0,0,0
4034,0,0,6,0,0,0
4034,77,0,0,9,0,0
4034,71,0,2,0,0,0
476,0,19,9,0,0,0
476,30,0,16,0,0,0
476,0,0,3,8,0,0
418,74,0,0,0,0,0
418,76,3,0,0,0,0
418,50,0,0,4,0,0
1957,76,0,0,0,0,0
1957,45,0,0,0,0,weapons-related crime
1957,47,0,0,0,0,fraud and financial crime
434,0,28,0,7,0,0
434,60,0,7,0,0,0
434,67,0,0,0,0,obstruction of justice
5571,76,0,0,0,0,0
5571,70,0,0,0,0,0
5571,71,0,0,2,0,0
6235,61,0,0,6,0,0
6235,0,0,0,6,0,fraud and financial crime
6235,0,0,0,5,0,violent crime
1563,59,0,0,0,0,0
1563,48,0,0,0,0,0
1563,76,0,0,0,0,public order crime
1396,82,0,12,0,0,0
1396,0,14,0,0,0,0
1396,0,9,0,0,F,0
6366,75,0,0,2,0,0
6366,49,0,0,0,0,0
6366,71,0,2,0,0,0
718,0,37,0,0,M,0
718,24,0,13,0,0,0
718,26,6,0,0,0,0
4780,0,1,7,0,0,0
4780,29,0,0,0,0,weapons-related crime
4780,0,23,0,0,0,obstruction of justice
5062,77,0,0,0,0,weapons-related crime
5062,76,3,0,0,0,0
5062,0,2,0,2,0,0
6646,0,0,13,0,0,public order crime
6646,0,34,0,10,0,0
6646,0,34,8,0,0,0
1827,0,15,0,0,0,0
1827,0,15,0,0,F,0
1827,0,28,0,0,0,fraud and financial crime
2286,19,0,0,0,0,0
2286,0,14,0,0,0,0
2286,0,21,0,0,0,0
109,0,10,0,0,0,0
109,0,24,0,11,0,0
109,0,26,6,0,0,0
3498,0,12,0,0,F,0
3498,0,23,0,0,0,0
3498,94,7,0,0,0,0
5815,0,9,0,0,0,0
5815,0,4,7,0,0,0
5815,29,30,0,0,0,0
7024,67,0,0,0,0,arrested but not charged
7024,0,0,0,0,M,0
7024,60,0,0,0,0,arrested but not charged
469,61,0,0,0,M,0
469,55,0,0,4,0,0
469,49,0,0,0,0,obstruction of justice
3198,70,0,14,0,0,0
3198,55,0,0,0,0,weapons-related crime
3198,83,0,0,12,0,0
1143,0,34,0,0,0,0
1143,0,28,0,0,0,property crime
1143,0,0,18,0,0,weapons-related crime
249,0,14,0,0,0,obstruction of justice
249,0,10,0,11,0,0
249,0,0,5,8,0,0
370,20,0,0,7,0,0
370,0,25,0,7,0,0
370,0,34,8,0,0,0
899,0,0,20,5,0,0
899,91,0,0,0,0,0
899,27,0,0,8,0,0
104,0,10,0,13,0,0
104,0,0,20,5,0,0
104,0,28,0,0,0,property crime
6620,0,0,8,12,0,0
6620,0,0,0,13,0,0
6620,0,0,0,12,M,0
6358,67,0,0,0,0,arrested but not charged
6358,0,0,0,0,M,0
6358,60,0,0,0,0,arrested but not charged
5205,0,24,0,0,0,property crime
5205,0,16,0,0,0,0
5205,0,38,0,0,0,0
4000,0,30,0,13,0,0
4000,0,14,14,0,0,0
4000,83,7,0,0,0,0
5987,90,0,0,0,M,0
5987,28,0,0,0,0,0
5987,23,25,0,0,0,0
1679,20,0,0,7,0,0
1679,0,21,0,0,0,property crime
1679,0,28,0,3,0,0
6560,77,0,0,0,0,0
6560,0,0,0,10,0,violent crime
6560,40,0,0,0,0,arrested but not charged
56,51,0,0,0,0,0
56,0,0,0,0,M,arrested but not charged
56,60,0,0,0,0,0
4828,67,0,0,6,0,0
4828,0,0,14,0,0,0
4828,0,0,11,8,0,0
2873,69,0,0,0,0,0
2873,53,0,0,0,0,drug crime
2873,50,0,0,0,0,0
6843,50,0,0,0,0,0
6843,0,0,0,6,0,fraud and financial crime
6843,54,27,0,0,0,0
6117,0,2,0,2,0,0
6117,0,2,0,0,0,0
6117,71,0,0,2,0,0
4959,58,0,0,0,0,fraud and financial crime
4959,60,0,0,0,0,arrested but not charged
4959,77,0,0,9,0,0
6072,0,0,0,10,0,arrested but not charged
6072,0,6,0,8,0,0
6072,0,2,0,0,0,arrested but not charged
5990,0,9,0,0,0,0
5990,0,4,7,0,0,0
5990,29,30,0,0,0,0
6961,60,0,0,0,0,arrested but not charged
6961,76,6,0,0,0,0
6961,61,0,0,6,0,0
2878,59,0,0,0,0,public order crime
2878,68,0,0,0,0,0
2878,69,0,0,2,0,0
2609,56,0,0,0,0,0
2609,54,0,0,4,0,0
2609,73,0,0,0,0,0
1024,0,29,0,0,M,0
1024,84,0,0,0,0,0
1024,0,37,0,0,M,0
3233,50,0,0,4,0,0
3233,77,0,0,9,0,0
3233,69,0,0,2,0,0
1034,25,0,0,2,0,0
1034,72,23,0,0,0,0
1034,72,0,16,0,0,0
6779,52,0,2,0,0,0
6779,72,0,16,0,0,0
6779,49,0,0,1,0,0
5134,0,13,0,0,0,property crime
5134,0,37,0,0,M,0
5134,0,0,5,8,0,0
4216,0,37,0,5,0,0
4216,0,16,0,0,0,0
4216,0,38,0,0,0,0
6175,0,33,0,0,0,violent crime
6175,40,0,2,0,0,0
6175,0,0,4,0,0,obstruction of justice
3542,24,0,0,0,0,property crime
3542,0,33,0,0,0,0
3542,0,0,17,0,0,property crime
3382,0,26,10,0,0,0
3382,0,7,0,0,0,0
3382,0,32,0,0,M,0
2620,19,0,0,0,0,0
2620,0,14,0,0,0,0
2620,0,21,0,0,0,0
7079,66,0,0,10,0,0
7079,30,0,0,0,0,0
7079,64,0,0,0,M,0
441,59,0,18,0,0,0
441,0,0,0,0,M,0
441,72,0,16,0,0,0
2510,20,0,0,7,0,0
2510,0,21,0,0,0,property crime
2510,0,28,0,3,0,0
2400,0,0,0,9,0,obstruction of justice
2400,73,33,0,0,0,0
2400,0,0,0,4,0,obstruction of justice
7154,65,0,0,0,F,0
7154,75,0,0,0,0,0
7154,60,0,0,0,0,0
2768,66,0,0,10,0,0
2768,69,0,0,0,0,0
2768,64,0,0,0,M,0
4303,0,38,0,0,0,0
4303,26,0,0,0,M,0
4303,0,36,0,0,0,violent crime
4765,94,7,0,0,0,0
4765,23,0,0,0,0,0
4765,0,36,0,0,0,violent crime
1709,75,0,0,2,0,0
1709,0,1,0,0,0,0
1709,60,0,0,0,0,0
6917,29,0,0,0,0,0
6917,47,0,0,0,0,fraud and financial crime
6917,53,0,0,0,0,drug crime
6009,0,36,0,0,M,0
6009,70,0,14,0,0,0
6009,0,26,0,0,0,property crime
1490,30,0,16,0,0,0
1490,24,0,0,0,0,property crime
1490,0,22,0,0,0,violent crime
1969,19,0,0,0,0,0
1969,0,14,0,0,0,0
1969,0,21,0,0,0,0
3221,0,0,6,0,0,0
3221,76,3,0,0,0,0
3221,0,0,0,6,0,violent crime
4157,31,0,16,0,0,0
4157,0,21,0,0,0,public order crime
4157,0,10,0,0,0,0
4532,0,0,0,0,0,weapons-related crime
4532,69,0,0,0,0,fraud and financial crime
4532,67,0,0,0,0,obstruction of justice
2103,0,1,0,0,F,0
2103,0,1,10,0,0,0
2103,0,2,0,4,0,0
3862,0,11,0,11,0,0
3862,0,32,0,0,0,0
3862,0,4,7,0,0,0
3495,0,28,0,12,0,0
3495,0,31,0,0,0,obstruction of justice
3495,0,16,0,7,0,0
268,0,32,0,0,0,0
268,0,22,0,0,0,drug crime
268,0,4,6,0,0,0
1611,0,9,0,0,0,0
1611,0,22,12,0,0,0
1611,0,9,0,0,F,0
6218,0,30,0,0,0,0
6218,89,13,0,0,0,0
6218,0,26,0,0,0,property crime
2662,92,0,0,0,0,0
2662,86,0,0,0,0,0
2662,0,24,0,0,0,0
3062,0,24,0,0,0,0
3062,0,8,0,12,0,0
3062,0,0,9,0,0,drug crime
465,0,0,15,0,0,drug crime
465,0,0,12,0,0,public order crime
465,0,0,3,8,0,0
468,0,5,5,0,0,0
468,83,0,0,0,0,obstruction of justice
468,0,8,0,0,0,weapons-related crime
3681,71,11,0,0,0,0
3681,0,5,0,13,0,0
3681,0,0,0,6,0,drug crime
5574,0,0,18,0,0,0
5574,0,5,5,0,0,0
5574,0,16,0,0,0,drug crime
2185,76,0,0,0,0,0
2185,50,0,0,4,0,0
2185,58,0,0,0,0,0
7025,0,0,0,10,0,violent crime
7025,67,0,0,0,0,obstruction of justice
7025,0,1,1,0,0,0
2015,0,22,0,0,0,arrested but not charged
2015,88,0,0,11,0,0
2015,80,0,0,4,0,0
4540,72,28,0,0,0,0
4540,60,0,0,0,0,arrested but not charged
4540,49,0,0,3,0,0
4726,0,10,0,0,0,0
4726,0,5,7,0,0,0
4726,0,0,9,0,M,0
2765,62,0,0,0,0,0
2765,45,0,0,0,0,0
2765,31,0,0,0,0,0
5890,0,8,0,0,0,violent crime
5890,0,24,0,0,0,0
5890,0,0,0,5,0,weapons-related crime
1145,61,0,0,0,M,0
1145,45,0,0,0,0,0
1145,64,0,0,0,0,0
2114,75,0,0,2,0,0
2114,80,0,0,0,0,0
2114,0,2,0,4,0,0
5161,24,0,18,0,0,0
5161,87,0,0,13,0,0
5161,0,12,0,10,0,0
5932,0,23,0,0,0,property crime
5932,0,6,2,0,0,0
5932,0,28,0,10,0,0
2067,19,0,0,0,0,0
2067,0,14,0,0,0,0
2067,0,21,0,0,0,0
6213,0,0,11,0,0,obstruction of justice
6213,18,0,0,0,0,0
6213,0,0,5,0,0,weapons-related crime
5138,66,0,0,10,0,0
5138,76,6,0,0,0,0
5138,77,0,0,0,0,weapons-related crime
868,0,22,0,0,0,0
868,0,8,0,2,0,0
868,20,0,0,7,0,0
2182,92,14,0,0,0,0
2182,0,2,0,11,0,0
2182,18,0,5,0,0,0
2133,0,25,0,0,0,0
2133,0,4,6,0,0,0
2133,0,28,0,0,0,public order crime
1246,54,0,0,0,0,0
1246,75,0,0,0,0,weapons-related crime
1246,77,0,0,9,0,0
682,54,27,0,0,0,0
682,18,0,0,0,0,0
682,0,0,0,1,0,drug crime
2375,92,0,0,0,0,0
2375,86,0,0,0,0,0
2375,0,24,0,0,0,0
2257,0,19,9,0,0,0
2257,0,7,0,0,0,0
2257,0,15,12,0,0,0
5456,0,0,0,13,0,obstruction of justice
5456,0,0,0,4,0,weapons-related crime
5456,0,0,0,11,0,public order crime
1634,0,32,0,0,0,0
1634,0,10,18,0,0,0
1634,0,21,0,0,F,0
1830,0,19,9,0,0,0
1830,0,7,0,0,0,0
1830,0,15,12,0,0,0
2840,0,11,0,11,0,0
2840,0,30,0,0,0,0
2840,0,31,0,5,0,0
2044,67,0,0,0,0,0
2044,42,0,0,0,0,0
2044,82,0,0,0,0,obstruction of justice
2159,19,0,0,0,0,0
2159,0,14,0,0,0,0
2159,0,21,0,0,0,0
226,0,15,0,0,0,0
226,20,0,0,7,0,0
226,0,14,14,0,0,0
6530,0,30,0,0,0,0
6530,89,13,0,0,0,0
6530,0,26,0,0,0,property crime
3616,0,0,0,10,0,violent crime
3616,58,0,0,0,0,fraud and financial crime
3616,51,0,0,0,0,weapons-related crime
2454,0,21,0,0,0,drug crime
2454,22,0,0,0,0,fraud and financial crime
2454,0,19,9,0,0,0
2604,0,28,8,0,0,0
2604,93,0,15,0,0,0
2604,0,0,15,0,0,obstruction of justice
5455,76,3,0,0,0,0
5455,53,0,0,0,0,0
5455,59,0,0,0,M,0
911,44,0,0,0,0,0
911,51,0,0,0,0,weapons-related crime
911,69,0,0,0,0,0
6621,66,0,0,4,0,0
6621,58,18,0,0,0,0
6621,61,0,0,6,0,0
1292,0,0,10,0,0,weapons-related crime
1292,0,6,18,0,0,0
1292,0,36,0,0,M,0
4660,59,0,0,0,0,0
4660,48,0,0,0,0,0
4660,76,0,0,0,0,public order crime
2346,0,21,0,0,0,property crime
2346,0,28,0,0,0,property crime
2346,0,31,0,0,0,0
3823,39,0,0,11,0,0
3823,63,0,0,0,0,0
3823,54,0,0,0,0,violent crime
1263,54,0,0,0,0,0
1263,72,23,0,0,0,0
1263,76,0,0,0,0,public order crime
6369,76,3,0,0,0,0
6369,67,0,0,6,0,0
6369,0,0,0,4,0,obstruction of justice
1175,54,0,0,0,0,0
1175,72,23,0,0,0,0
1175,76,0,0,0,0,public order crime
2834,0,24,0,0,0,0
2834,0,0,14,1,0,0
2834,0,0,0,5,0,weapons-related crime
3635,0,0,0,10,0,violent crime
3635,58,0,0,0,0,fraud and financial crime
3635,49,0,0,3,0,0
2267,0,9,0,0,0,0
2267,0,22,12,0,0,0
2267,0,9,0,0,F,0
2457,19,0,0,0,0,0
2457,0,14,0,0,0,0
2457,0,21,0,0,0,0
4500,47,0,0,0,0,0
4500,45,0,0,0,0,0
4500,72,0,0,0,0,0
1551,67,0,0,0,0,arrested but not charged
1551,0,2,0,0,0,arrested but not charged
1551,75,0,0,2,0,0
2637,0,12,0,0,F,0
2637,0,23,0,0,0,0
2637,0,18,0,0,0,public order crime
3640,0,15,0,1,0,0
3640,0,16,0,12,0,0
3640,0,0,6,6,0,0
6151,76,0,0,0,0,public order crime
6151,71,0,2,0,0,0
6151,76,0,0,0,0,0
2965,0,32,0,0,0,0
2965,64,22,0,0,0,0
2965,0,10,18,0,0,0
4038,0,15,0,0,0,0
4038,0,16,8,0,0,0
4038,0,28,8,0,0,0
1289,77,0,0,0,M,0
1289,76,0,0,2,0,0
1289,0,0,0,8,M,0
4013,0,13,0,11,0,0
4013,0,21,0,0,0,0
4013,31,0,11,0,0,0
5650,0,0,18,0,M,0
5650,0,24,0,0,0,0
5650,0,30,0,13,0,0
1317,75,0,0,0,0,0
1317,61,0,0,0,M,0
1317,76,0,0,0,0,public order crime
3296,0,38,6,0,0,0
3296,0,33,0,0,0,obstruction of justice
3296,0,13,0,11,0,0
1471,57,0,0,11,0,0
1471,0,2,0,11,0,0
1471,60,0,0,1,0,0
4591,0,38,6,0,0,0
4591,0,33,0,0,0,obstruction of justice
4591,0,13,0,11,0,0
6260,76,0,0,0,0,0
6260,72,0,0,0,0,0
6260,72,0,0,0,0,property crime
2872,57,0,0,11,0,0
2872,77,0,0,0,0,0
2872,60,0,0,0,0,0
1492,30,0,0,0,0,fraud and financial crime
1492,0,34,8,0,0,0
1492,0,14,14,0,0,0
6556,72,28,0,0,0,0
6556,0,2,0,0,0,0
6556,67,0,0,7,0,0
5177,61,0,0,0,0,0
5177,50,0,0,4,0,0
5177,72,0,0,0,0,property crime
4521,72,0,0,0,0,0
4521,30,0,0,0,0,arrested but not charged
4521,39,0,0,11,0,0
812,77,0,0,0,0,weapons-related crime
812,72,0,16,0,0,0
812,70,0,14,0,0,0
1622,40,0,0,0,0,arrested but not charged
1622,45,0,0,0,0,weapons-related crime
1622,72,0,16,0,0,0
676,0,5,5,0,0,0
676,83,0,0,0,0,obstruction of justice
676,0,8,0,0,0,weapons-related crime
973,75,0,0,0,0,0
973,72,0,16,0,0,0
973,39,0,0,11,0,0
3485,0,15,0,1,0,0
3485,0,16,0,12,0,0
3485,0,34,0,8,0,0
216,56,0,0,0,0,0
216,45,0,0,0,0,public order crime
216,68,0,0,0,0,0
4650,0,24,0,0,0,0
4650,0,0,14,1,0,0
4650,0,0,0,5,0,weapons-related crime
2644,0,31,0,5,0,0
2644,93,0,0,4,0,0
2644,47,34,0,0,0,0
5462,0,18,0,1,0,0
5462,0,8,0,11,0,0
5462,57,25,0,0,0,0
1378,69,32,0,0,0,0
1378,0,21,0,2,0,0
1378,0,36,3,0,0,0
5156,0,14,0,0,0,0
5156,88,0,0,0,0,0
5156,0,7,0,0,0,0
4522,90,0,0,0,0,drug crime
4522,22,0,16,0,0,0
4522,32,0,18,0,0,0
1877,0,25,0,0,0,0
1877,0,4,6,0,0,0
1877,0,28,0,0,0,public order crime
15,0,0,18,0,0,0
15,0,13,0,0,0,property crime
15,0,20,17,0,0,0
6550,0,12,0,0,F,0
6550,0,8,0,0,0,weapons-related crime
6550,38,15,0,0,0,0
4636,71,11,0,0,0,0
4636,58,0,0,0,0,fraud and financial crime
4636,41,0,0,0,0,fraud and financial crime
6226,76,0,0,2,0,0
6226,0,2,0,4,0,0
6226,0,5,0,10,0,0
323,0,12,0,10,0,0
323,0,13,0,0,0,drug crime
323,0,27,5,0,0,0
2850,0,14,0,0,0,obstruction of justice
2850,0,37,0,0,M,0
2850,0,36,0,0,0,violent crime
4484,74,26,0,0,0,0
4484,74,19,0,0,0,0
4484,61,0,0,4,0,0
1852,18,0,0,12,0,0
1852,0,15,0,0,0,0
1852,0,16,0,0,0,0
2460,54,27,0,0,0,0
2460,0,0,17,5,0,0
2460,0,21,17,0,0,0
5458,0,0,0,3,0,obstruction of justice
5458,48,0,0,0,0,weapons-related crime
5458,0,0,0,8,0,arrested but not charged
2264,19,0,0,0,0,0
2264,0,14,0,0,0,0
2264,0,21,0,0,0,0
1452,43,0,0,4,0,0
1452,72,0,16,0,0,0
1452,72,28,0,0,0,0
2505,27,0,0,0,F,0
2505,23,0,0,6,0,0
2505,0,26,0,0,0,0
7147,0,1,0,0,F,0
7147,0,0,0,0,F,0
7147,53,0,0,0,0,drug crime
6283,0,23,0,0,0,0
6283,89,13,0,0,0,0
6283,0,24,0,0,0,property crime
1552,65,0,0,0,0,0
1552,67,0,0,0,0,arrested but not charged
1552,34,0,0,0,0,obstruction of justice
6975,59,0,0,0,0,0
6975,48,0,0,0,0,0
6975,76,0,0,0,0,public order crime
3326,56,0,0,0,0,0
3326,51,0,0,0,0,public order crime
3326,73,0,0,0,0,0
7042,95,0,0,0,0,0
7042,67,0,0,7,0,0
7042,38,0,0,0,0,drug crime
756,0,38,6,0,0,0
756,0,6,0,0,0,public order crime
756,0,13,0,11,0,0
5808,0,0,0,13,0,obstruction of justice
5808,0,0,0,4,0,weapons-related crime
5808,0,0,0,11,0,public order crime
984,0,5,5,0,0,0
984,83,0,0,0,0,obstruction of justice
984,0,8,0,0,0,weapons-related crime
4745,71,11,0,0,0,0
4745,60,0,0,0,0,arrested but not charged
4745,41,0,0,0,0,fraud and financial crime
5855,0,0,0,13,0,obstruction of justice
5855,0,0,0,4,0,weapons-related crime
5855,0,0,0,11,0,public order crime
3920,81,0,0,0,0,fraud and financial crime
3920,89,0,0,0,0,0
3920,0,29,0,0,0,obstruction of justice
1019,77,0,0,0,0,weapons-related crime
1019,0,0,0,3,M,0
1019,70,0,14,0,0,0
6637,92,0,0,0,0,0
6637,44,0,0,0,0,violent crime
6637,39,0,0,11,0,0
5972,77,0,0,0,0,weapons-related crime
5972,0,4,0,0,0,0
5972,74,19,0,0,0,0
2848,0,14,0,0,0,obstruction of justice
2848,0,37,0,0,M,0
2848,0,36,0,0,0,violent crime
4060,57,0,0,0,0,0
4060,0,0,0,13,0,obstruction of justice
4060,67,0,0,0,0,property crime
4909,71,11,0,0,0,0
4909,58,0,0,0,0,fraud and financial crime
4909,41,0,0,0,0,fraud and financial crime
5624,19,24,0,0,0,0
5624,0,14,14,0,0,0
5624,0,26,6,0,0,0
7143,0,0,0,3,0,arrested but not charged
7143,72,23,0,0,0,0
7143,72,0,16,0,0,0
5610,56,0,0,0,0,0
5610,51,0,0,0,0,public order crime
5610,73,0,0,0,0,0
2567,0,10,0,0,0,0
2567,0,21,0,0,0,0
2567,81,0,0,0,0,property crime
670,0,15,5,0,0,0
670,0,32,0,0,0,violent crime
670,0,0,16,0,0,property crime
4890,0,38,6,0,0,0
4890,0,33,0,0,0,obstruction of justice
4890,0,13,0,11,0,0
6128,0,27,0,0,0,0
6128,0,0,11,0,0,obstruction of justice
6128,0,28,0,3,0,0
2439,0,0,0,10,0,public order crime
2439,0,0,17,9,0,0
2439,0,0,4,0,F,0
3576,0,26,0,0,0,0
3576,57,36,0,0,0,0
3576,40,36,0,0,0,0
3338,0,22,0,0,0,arrested but not charged
3338,0,0,5,0,0,arrested but not charged
3338,0,0,18,6,0,0
2075,0,31,0,5,0,0
2075,93,0,0,4,0,0
2075,47,34,0,0,0,0
244,0,32,0,0,0,0
244,0,16,0,0,0,property crime
244,0,37,0,5,0,0
3837,70,0,0,0,0,0
3837,72,0,0,0,0,0
3837,74,19,0,0,0,0
3795,0,22,0,0,0,violent crime
3795,86,0,0,0,0,0
3795,89,0,5,0,0,0
5795,0,0,3,1,0,0
5795,0,6,0,8,0,0
5795,67,0,0,0,0,arrested but not charged
2420,19,0,0,0,0,0
2420,0,14,0,0,0,0
2420,0,21,0,0,0,0
6407,76,3,0,0,0,0
6407,0,0,0,9,0,obstruction of justice
6407,0,3,0,0,0,0
4742,59,0,0,0,0,0
4742,48,0,0,0,0,0
4742,76,0,0,0,0,public order crime
49,0,31,0,5,0,0
49,0,15,0,1,0,0
49,0,31,0,12,0,0
4107,67,0,0,0,0,arrested but not charged
4107,44,0,0,0,0,violent crime
4107,72,0,16,0,0,0
3020,59,0,0,0,0,public order crime
3020,68,0,0,0,0,0
3020,69,0,0,2,0,0
1038,0,0,0,12,0,fraud and financial crime
1038,48,0,0,0,0,weapons-related crime
1038,72,0,16,0,0,0
6894,91,26,0,0,0,0
6894,84,0,0,13,0,0
6894,0,0,3,8,0,0
176,67,0,0,0,0,obstruction of justice
176,60,0,0,0,0,0
176,69,0,0,0,0,0
2314,76,6,0,0,0,0
2314,40,0,0,0,0,arrested but not charged
2314,57,0,0,11,0,0
1889,0,14,0,0,0,obstruction of justice
1889,0,17,0,0,0,drug crime
1889,0,0,18,3,0,0
6157,56,0,0,0,0,0
6157,74,0,0,0,0,0
6157,0,1,0,0,0,obstruction of justice
2453,76,3,0,0,0,0
2453,76,0,0,0,0,0
2453,74,0,0,0,0,0
1586,0,16,8,0,0,0
1586,0,31,0,0,0,0
1586,0,30,0,0,0,0
2024,68,0,0,0,0,0
2024,39,0,0,11,0,0
2024,57,0,0,11,0,0
1421,83,0,18,0,0,0
1421,31,0,11,0,0,0
1421,0,30,0,0,0,0
5705,0,1,10,0,0,0
5705,18,0,0,0,F,0
5705,0,28,0,10,0,0
4711,59,0,0,0,0,0
4711,48,0,0,0,0,0
4711,76,0,0,0,0,public order crime
7116,0,11,0,0,0,violent crime
7116,0,31,0,0,0,0
7116,0,17,0,0,0,drug crime
151,0,26,3,0,0,0
151,19,0,0,0,0,0
151,0,21,0,0,0,0
3365,94,0,0,0,0,0
3365,0,13,0,0,M,0
3365,0,37,0,0,M,0
3229,0,0,0,3,0,arrested but not charged
3229,0,0,0,9,0,arrested but not charged
3229,75,0,1,0,0,0
3878,0,15,0,1,0,0
3878,0,16,0,12,0,0
3878,0,0,6,6,0,0
4498,0,21,0,0,F,0
4498,0,15,0,0,0,0
4498,0,16,0,0,0,0
2877,0,22,0,0,0,0
2877,0,31,0,0,0,obstruction of justice
2877,83,7,0,0,0,0
3345,76,0,0,0,0,0
3345,72,0,0,0,0,0
3345,74,19,0,0,0,0
5899,0,5,0,0,0,public order crime
5899,0,0,0,11,0,arrested but not charged
5899,0,2,0,0,0,arrested but not charged
2329,19,0,0,0,0,0
2329,0,14,0,0,0,0
2329,0,21,0,0,0,0
3063,59,0,0,0,0,0
3063,48,0,0,0,0,0
3063,76,0,0,0,0,public order crime
5191,67,0,0,0,0,obstruction of justice
5191,60,0,0,0,0,0
5191,69,0,0,0,0,0
4126,0,12,0,10,0,0
4126,0,13,0,0,0,drug crime
4126,0,27,5,0,0,0
2664,0,0,0,7,F,0
2664,64,0,0,0,0,0
2664,0,0,0,9,0,obstruction of justice
7069,19,0,0,0,0,0
7069,0,14,0,0,0,0
7069,0,21,0,0,0,0
4843,0,24,0,0,0,0
4843,0,8,0,12,0,0
4843,0,0,9,0,0,drug crime
3419,67,18,0,0,0,0
3419,42,0,19,0,0,0
3419,0,0,12,6,0,0
6255,20,0,0,7,0,0
6255,30,33,0,0,0,0
6255,0,14,14,0,0,0
4764,72,0,0,0,0,0
4764,30,0,0,0,0,arrested but not charged
4764,39,0,0,11,0,0
5953,0,13,0,11,0,0
5953,0,15,0,0,0,0
5953,95,0,0,7,0,0
275,0,0,6,12,0,0
275,0,2,0,2,0,0
275,75,0,0,0,0,weapons-related crime
6083,75,0,0,0,0,0
6083,0,0,0,0,M,0
6083,55,0,0,0,0,weapons-related crime
4737,92,14,0,0,0,0
4737,19,0,0,11,0,0
4737,57,36,0,0,0,0
4628,71,11,0,0,0,0
4628,60,0,0,0,0,arrested but not charged
4628,41,0,0,0,0,fraud and financial crime
7175,0,0,0,0,0,violent crime
7175,76,0,0,0,0,0
7175,60,0,0,0,0,0
6500,76,3,0,0,0,0
6500,67,0,0,6,0,0
6500,0,0,0,4,0,obstruction of justice
478,57,0,0,0,0,0
478,60,0,0,0,0,0
478,50,0,0,4,0,0
274,0,0,18,0,0,0
274,0,14,0,0,0,obstruction of justice
274,0,20,17,0,0,0
4335,0,28,0,7,0,0
4335,78,0,0,2,0,0
4335,0,0,12,0,0,fraud and financial crime
1315,63,0,19,0,0,0
1315,58,0,0,0,0,fraud and financial crime
1315,72,0,16,0,0,0
5366,51,0,0,0,0,0
5366,40,0,0,0,0,property crime
5366,50,0,0,0,0,0
4747,0,24,0,0,0,0
4747,0,8,0,12,0,0
4747,0,0,9,0,0,drug crime
2030,20,0,0,7,0,0
2030,0,21,0,0,0,property crime
2030,0,28,0,3,0,0
3371,0,5,0,9,0,0
3371,0,0,0,8,0,arrested but not charged
3371,0,2,0,0,0,arrested but not charged
307,67,0,0,6,0,0
307,54,0,0,4,0,0
307,67,0,0,7,0,0
3107,60,0,7,0,0,0
3107,0,2,0,4,0,0
3107,61,0,1,0,0,0
6400,0,0,0,3,0,obstruction of justice
6400,0,0,0,4,0,obstruction of justice
6400,76,0,0,2,0,0
586,0,0,0,4,0,obstruction of justice
586,60,0,0,0,0,0
586,57,0,0,11,0,0
1152,54,0,0,0,0,0
1152,0,0,0,10,0,fraud and financial crime
1152,74,26,0,0,0,0
4839,0,11,0,11,0,0
4839,0,30,0,0,0,0
4839,0,31,0,5,0,0
239,20,0,0,7,0,0
239,0,21,0,0,0,property crime
239,0,28,0,3,0,0
2827,0,0,0,0,0,weapons-related crime
2827,69,0,0,0,0,fraud and financial crime
2827,67,0,0,0,0,obstruction of justice
6952,0,0,19,0,0,0
6952,0,25,15,0,0,0
6952,0,0,5,8,0,0
2049,18,0,0,12,0,0
2049,0,15,0,0,0,0
2049,0,16,0,0,0,0
1675,58,0,0,0,F,0
1675,73,33,0,0,0,0
1675,67,0,0,0,0,obstruction of justice
946,73,33,0,0,0,0
946,0,5,0,13,0,0
946,0,1,7,0,0,0
3262,49,0,0,0,0,weapons-related crime
3262,60,0,0,0,0,0
3262,67,0,0,0,0,obstruction of justice
6107,0,26,10,0,0,0
6107,0,7,0,0,0,0
6107,0,32,0,0,M,0
5604,34,0,0,0,0,0
5604,48,0,0,0,0,0
5604,68,0,0,0,M,0
2982,90,0,0,0,0,drug crime
2982,0,22,0,3,0,0
2982,0,36,0,0,0,violent crime
4112,0,0,5,8,0,0
4112,75,0,1,0,0,0
4112,0,0,0,5,0,drug crime
5350,57,36,0,0,0,0
5350,0,22,0,0,0,arrested but not charged
5350,0,28,0,10,0,0
3004,40,0,0,0,0,0
3004,75,0,0,0,0,weapons-related crime
3004,69,0,0,0,M,0
3104,65,0,0,0,0,drug crime
3104,71,0,0,2,0,0
3104,69,0,0,0,0,fraud and financial crime
6203,0,27,0,0,0,0
6203,0,0,0,8,0,weapons-related crime
6203,0,6,0,0,0,public order crime
4030,67,0,0,0,0,0
4030,42,0,0,0,0,0
4030,82,0,0,0,0,obstruction of justice
6839,0,34,0,0,0,violent crime
6839,57,25,0,0,0,0
6839,0,5,7,0,0,0
4248,92,14,0,0,0,0
4248,0,2,0,11,0,0
4248,18,0,5,0,0,0
5518,76,0,0,0,0,0
5518,72,0,0,0,0,0
5518,76,6,0,0,0,0
295,19,0,0,0,0,0
295,0,31,9,0,0,0
295,0,0,18,0,0,weapons-related crime
4769,71,11,0,0,0,0
4769,60,0,0,0,0,arrested but not charged
4769,41,0,0,0,0,fraud and financial crime
320,65,0,0,0,0,fraud and financial crime
320,0,0,0,4,M,0
320,43,0,0,4,0,0
3740,28,0,0,0,0,weapons-related crime
3740,0,28,0,0,0,weapons-related crime
3740,0,6,18,0,0,0
1948,0,17,0,0,0,property crime
1948,0,24,0,2,0,0
1948,0,5,0,0,0,property crime
2224,29,30,0,0,0,0
2224,0,15,0,0,0,0
2224,0,16,0,0,0,0
5575,72,23,0,0,0,0
5575,0,2,0,0,0,arrested but not charged
5575,0,1,7,0,0,0
5351,76,3,0,0,0,0
5351,67,0,0,6,0,0
5351,0,0,0,4,0,obstruction of justice
2654,54,27,0,0,0,0
2654,0,0,17,5,0,0
2654,0,21,17,0,0,0
4565,72,23,0,0,0,0
4565,50,0,7,0,0,0
4565,57,0,0,0,0,obstruction of justice
2363,54,27,0,0,0,0
2363,0,0,17,5,0,0
2363,0,21,17,0,0,0
611,0,35,11,0,0,0
611,0,19,11,0,0,0
611,0,29,0,0,0,0
5049,50,0,0,4,0,0
5049,77,0,0,9,0,0
5049,69,0,0,2,0,0
120,70,0,0,0,M,0
120,51,0,0,0,0,0
120,57,0,0,11,0,0
3256,0,33,0,11,0,0
3256,0,0,17,9,0,0
3256,0,0,4,0,F,0
5244,0,0,4,0,F,0
5244,0,6,18,0,0,0
5244,0,0,11,0,F,0
4633,40,0,0,0,0,0
4633,75,0,0,0,0,weapons-related crime
4633,69,0,0,0,M,0
1099,29,30,0,0,0,0
1099,0,16,0,0,0,drug crime
1099,0,6,18,0,0,0
1507,0,0,6,0,0,0
1507,77,0,0,9,0,0
1507,71,0,2,0,0,0
5439,76,0,0,0,0,public order crime
5439,77,0,0,0,0,0
5439,76,3,0,0,0,0
5315,57,0,0,11,0,0
5315,73,0,0,0,0,0
5315,65,0,0,0,0,drug crime
906,74,0,0,0,0,0
906,48,0,0,0,0,weapons-related crime
906,76,3,0,0,0,0
5202,75,0,0,2,0,0
5202,0,1,0,0,0,0
5202,60,0,0,0,0,0
1446,0,5,0,0,0,0
1446,0,6,0,2,0,0
1446,77,0,0,0,0,weapons-related crime
3127,0,22,0,0,0,0
3127,0,22,16,0,0,0
3127,0,3,5,0,0,0
1609,0,22,0,0,0,arrested but not charged
1609,88,0,0,11,0,0
1609,80,0,0,4,0,0
3601,0,12,0,0,F,0
3601,0,23,0,0,0,0
3601,92,32,0,0,0,0
3002,0,24,0,0,0,0
3002,0,0,14,1,0,0
3002,0,0,0,5,0,weapons-related crime
6181,0,0,19,0,0,0
6181,0,0,20,5,0,0
6181,18,0,5,0,0,0
962,69,0,0,0,M,0
962,61,0,0,0,M,0
962,0,0,0,3,0,obstruction of justice
6799,0,15,0,0,0,0
6799,0,13,0,0,0,property crime
6799,92,14,0,0,0,0
2639,0,0,6,0,0,0
2639,0,0,10,8,0,0
2639,0,28,0,0,0,fraud and financial crime
4486,23,0,0,0,M,0
4486,84,0,0,0,0,0
4486,28,0,0,0,0,0
3590,47,34,0,0,0,0
3590,0,16,0,0,0,0
3590,0,38,0,0,0,0
3032,71,11,0,0,0,0
3032,58,0,0,0,0,fraud and financial crime
3032,41,0,0,0,0,fraud and financial crime
3147,0,0,18,0,0,0
3147,0,5,5,0,0,0
3147,0,35,11,0,0,0
6241,44,0,0,0,0,0
6241,0,6,0,3,0,0
6241,0,0,15,0,0,obstruction of justice
48,0,0,0,10,0,arrested but not charged
48,72,23,0,0,0,0
48,0,2,0,11,0,0
6933,0,26,10,0,0,0
6933,0,38,0,0,0,0
6933,0,21,0,0,0,0
4512,60,0,0,0,0,0
4512,29,0,0,0,0,0
4512,47,0,0,0,0,0
3523,0,0,9,0,0,0
3523,0,3,5,0,0,0
3523,0,0,4,12,0,0
1193,20,0,0,7,0,0
1193,0,25,0,7,0,0
1193,0,34,8,0,0,0
2650,0,19,9,0,0,0
2650,0,7,0,0,0,0
2650,0,15,12,0,0,0
194,69,0,0,0,0,0
194,0,0,0,13,0,0
194,72,0,0,0,0,0
2748,92,0,0,0,0,0
2748,86,0,0,0,0,0
2748,0,24,0,0,0,0
482,41,0,0,0,0,0
482,55,0,0,0,0,0
482,70,0,0,0,0,0
4930,0,10,0,0,0,0
4930,0,5,7,0,0,0
4930,0,0,9,0,M,0
535,59,0,18,0,0,0
535,0,0,0,0,M,0
535,72,0,16,0,0,0
5907,40,0,0,0,0,0
5907,57,0,0,0,0,obstruction of justice
5907,61,0,0,4,0,0
4975,0,34,0,0,0,0
4975,0,13,0,7,0,0
4975,0,35,11,0,0,0
4299,47,34,0,0,0,0
4299,0,18,15,0,0,0
4299,19,0,0,0,0,0
2444,0,25,0,0,0,0
2444,0,4,6,0,0,0
2444,0,28,0,0,0,public order crime
2631,29,30,0,0,0,0
2631,0,16,0,0,0,0
2631,0,38,0,0,0,0
4869,74,19,0,0,0,0
4869,68,0,0,0,M,0
4869,0,0,0,4,0,obstruction of justice
4203,66,0,0,0,0,property crime
4203,47,0,0,0,0,fraud and financial crime
4203,0,0,0,4,0,obstruction of justice
2477,0,0,2,0,F,0
2477,0,19,0,0,F,0
2477,0,0,14,0,0,fraud and financial crime
4503,73,0,0,0,0,0
4503,55,0,0,4,0,0
4503,54,0,0,0,0,violent crime
5668,0,0,15,0,0,obstruction of justice
5668,0,0,19,0,0,0
5668,0,0,14,3,0,0
2984,59,0,0,0,0,0
2984,48,0,0,0,0,0
2984,76,0,0,0,0,public order crime
6949,40,0,0,0,0,0
6949,54,0,0,4,0,0
6949,51,0,0,0,0,public order crime
6112,0,0,19,0,0,0
6112,32,0,18,0,0,0
6112,0,26,0,0,M,0
1271,0,5,5,0,0,0
1271,83,0,0,0,0,obstruction of justice
1271,0,8,0,0,0,weapons-related crime
2479,54,27,0,0,0,0
2479,0,0,17,5,0,0
2479,0,21,17,0,0,0
818,59,0,16,0,0,0
818,71,0,2,0,0,0
818,66,0,0,10,0,0
4647,59,0,9,0,0,0
4647,47,22,0,0,0,0
4647,0,12,0,0,0,0
5051,0,19,0,0,0,0
5051,0,22,0,0,0,drug crime
5051,0,35,11,0,0,0
3952,32,0,18,0,0,0
3952,0,32,0,0,0,0
3952,0,34,0,10,0,0
1730,0,2,0,0,0,arrested but not charged
1730,75,0,0,0,0,0
1730,71,11,0,0,0,0
4084,0,13,0,0,0,property crime
4084,0,37,0,0,M,0
4084,0,0,5,8,0,0
5660,0,1,10,0,0,0
5660,18,0,0,0,F,0
5660,0,28,0,10,0,0
2017,29,0,0,0,0,0
2017,59,0,18,0,0,0
2017,0,28,0,0,0,fraud and financial crime
2437,0,33,0,0,0,obstruction of justice
2437,0,0,0,0,F,0
2437,43,0,0,4,0,0
6206,50,0,0,4,0,0
6206,72,23,0,0,0,0
6206,65,0,0,0,0,fraud and financial crime
6565,92,32,0,0,0,0
6565,0,38,0,0,0,0
6565,0,21,0,0,0,0
451,69,0,0,2,0,0
451,54,0,0,4,0,0
451,43,0,0,0,M,0
2326,66,0,0,10,0,0
2326,58,0,0,0,F,0
2326,75,0,0,2,0,0
2991,0,0,0,9,0,weapons-related crime
2991,0,5,0,11,0,0
2991,76,0,0,0,0,public order crime
1717,0,8,0,12,0,0
1717,0,0,19,0,0,0
1717,0,17,0,0,0,property crime
6868,54,27,0,0,0,0
6868,30,0,0,0,0,arrested but not charged
6868,77,0,0,0,0,0
913,0,15,5,0,0,0
913,0,18,0,1,0,0
913,58,18,0,0,0,0
2236,0,34,0,0,0,0
2236,0,24,0,0,0,0
2236,18,0,0,0,0,0
2671,47,34,0,0,0,0
2671,0,38,0,0,0,0
2671,0,21,0,0,0,0
6904,35,0,7,0,0,0
6904,0,25,0,0,M,0
6904,0,9,0,0,0,0
5225,69,32,0,0,0,0
5225,0,0,10,8,0,0
5225,0,20,17,0,0,0
5931,0,29,0,0,M,0
5931,0,24,0,0,0,0
5931,0,0,0,9,0,weapons-related crime
5468,0,0,14,0,0,public order crime
5468,0,25,0,7,0,0
5468,0,34,0,0,0,property crime
5578,77,0,0,0,M,0
5578,0,0,0,0,M,0
5578,72,0,16,0,0,0
4131,0,0,18,0,0,0
4131,0,5,5,0,0,0
4131,0,35,11,0,0,0
2772,0,0,0,10,0,0
2772,70,0,0,0,0,0
2772,0,0,0,13,M,0
6267,0,0,0,6,0,violent crime
6267,0,0,0,11,0,violent crime
6267,71,0,2,0,0,0
6350,94,0,0,0,0,0
6350,0,13,0,0,M,0
6350,0,37,0,0,M,0
5477,46,0,0,0,0,0
5477,50,0,7,0,0,0
5477,62,0,0,0,M,0
5140,0,0,16,0,0,property crime
5140,0,0,9,0,0,drug crime
5140,0,31,0,5,0,0
5980,73,0,0,0,0,0
5980,76,0,0,0,0,0
5980,76,6,0,0,0,0
7075,70,0,0,0,0,0
7075,53,0,7,0,0,0
7075,67,0,0,6,0,0
5561,72,28,0,0,0,0
5561,0,0,0,10,0,fraud and financial crime
5561,77,0,0,9,0,0
4266,0,32,0,0,0,0
4266,0,16,0,0,0,property crime
4266,0,37,0,5,0,0
4191,0,15,0,0,0,0
4191,0,13,0,0,0,property crime
4191,92,14,0,0,0,0
4523,72,0,0,0,0,0
4523,30,0,0,0,0,arrested but not charged
4523,39,0,0,11,0,0
4987,0,15,0,0,0,0
4987,0,37,0,10,0,0
4987,92,14,0,0,0,0
1912,0,0,15,0,0,obstruction of justice
1912,0,12,0,0,0,property crime
1912,0,0,14,0,0,fraud and financial crime
1520,23,0,0,6,0,0
1520,55,0,0,0,0,weapons-related crime
1520,72,0,16,0,0,0
4681,65,0,0,0,0,0
4681,67,0,0,0,0,arrested but not charged
4681,34,0,0,0,0,obstruction of justice
3970,0,12,0,0,F,0
3970,0,23,0,0,0,0
3970,92,32,0,0,0,0
1844,0,32,0,0,0,0
1844,0,10,18,0,0,0
1844,0,21,0,0,F,0
3626,0,0,15,0,F,0
3626,0,16,8,0,0,0
3626,0,28,0,3,0,0
4989,0,10,0,0,0,0
4989,0,5,7,0,0,0
4989,0,0,9,0,M,0
3504,31,0,11,0,0,0
3504,25,0,0,12,0,0
3504,80,6,0,0,0,0
6992,0,15,0,0,0,0
6992,20,0,0,7,0,0
6992,23,0,16,0,0,0
5674,0,0,18,0,0,0
5674,0,5,9,0,0,0
5674,22,0,0,0,0,fraud and financial crime
5352,51,0,0,0,0,0
5352,40,0,0,0,0,property crime
5352,50,0,0,0,0,0
4285,0,0,0,10,0,weapons-related crime
4285,0,0,0,5,0,weapons-related crime
4285,0,0,5,8,0,0
4884,69,0,0,0,0,0
4884,53,0,0,0,0,drug crime
4884,50,0,0,0,0,0
2207,0,0,9,2,0,0
2207,0,16,0,0,0,drug crime
2207,81,0,0,0,0,property crime
1666,54,27,0,0,0,0
1666,0,0,17,5,0,0
1666,0,21,17,0,0,0
207,29,0,0,0,0,arrested but not charged
207,0,0,6,0,0,0
207,52,0,2,0,0,0
1991,0,29,0,0,F,0
1991,87,0,0,0,0,0
1991,0,28,0,0,0,fraud and financial crime
2660,0,25,0,0,0,0
2660,0,4,6,0,0,0
2660,0,28,0,0,0,public order crime
2238,0,31,0,5,0,0
2238,93,0,0,4,0,0
2238,47,34,0,0,0,0
2858,0,15,0,0,0,0
2858,0,6,0,3,0,0
2858,0,29,0,0,0,obstruction of justice
5283,64,0,0,0,0,0
5283,35,0,0,6,0,0
5283,55,0,0,4,0,0
3413,30,0,0,0,F,0
3413,29,0,0,0,0,0
3413,61,0,0,0,0,0
7109,0,20,16,0,0,0
7109,0,0,17,0,F,0
7109,0,18,15,0,0,0
248,19,0,0,0,0,0
248,49,35,0,0,0,0
248,0,0,18,0,0,weapons-related crime
5916,0,26,0,0,0,0
5916,0,5,7,0,0,0
5916,0,0,9,0,M,0
6150,0,0,0,6,0,fraud and financial crime
6150,44,0,0,0,0,0
6150,56,0,0,0,0,0
6258,76,3,0,0,0,0
6258,53,0,0,0,0,0
6258,59,0,0,0,M,0
4300,77,0,0,0,M,0
4300,73,0,0,0,0,0
4300,0,1,0,0,0,0
314,57,0,0,11,0,0
314,74,19,0,0,0,0
314,75,0,0,2,0,0
6166,69,0,0,0,M,0
6166,73,0,0,0,0,0
6166,43,0,0,4,0,0
5356,76,0,0,0,0,0
5356,0,1,1,0,0,0
5356,71,0,0,0,0,0
3547,0,12,0,0,F,0
3547,0,23,0,0,0,0
3547,92,32,0,0,0,0
1111,88,0,0,11,0,0
1111,90,0,0,0,M,0
1111,0,24,0,2,0,0
4450,76,0,0,0,0,0
4450,72,0,0,0,0,0
4450,61,0,0,4,0,0
4829,59,0,0,0,0,public order crime
4829,68,0,0,0,0,0
4829,69,0,0,2,0,0
1600,0,0,4,0,F,0
1600,31,0,11,0,0,0
1600,0,0,19,0,F,0
3570,0,31,0,0,0,0
3570,0,0,7,0,0,obstruction of justice
3570,18,0,5,0,0,0
5644,0,0,6,10,0,0
5644,0,0,10,0,0,weapons-related crime
5644,18,0,5,0,0,0
1540,65,0,0,0,0,0
1540,67,0,0,0,0,arrested but not charged
1540,34,0,0,0,0,obstruction of justice
1272,0,0,6,0,0,fraud and financial crime
1272,32,0,18,0,0,0
1272,0,10,0,0,0,0
5106,90,0,0,0,0,drug crime
5106,0,14,0,0,0,0
5106,0,28,0,7,0,0
1732,75,0,0,0,0,0
1732,67,0,0,7,0,0
1732,59,0,0,0,0,public order crime
3123,0,22,0,0,0,0
3123,0,0,6,10,0,0
3123,0,3,5,0,0,0
655,0,5,5,0,0,0
655,83,0,0,0,0,obstruction of justice
655,0,8,0,0,0,weapons-related crime
2784,73,0,0,0,0,0
2784,49,0,0,0,0,weapons-related crime
2784,67,0,0,0,0,0
3692,18,0,0,12,0,0
3692,0,26,6,0,0,0
3692,19,0,0,0,0,0
2935,0,19,0,0,0,0
2935,0,13,0,7,0,0
2935,0,35,11,0,0,0
6970,0,11,0,11,0,0
6970,0,30,0,0,0,0
6970,0,31,0,5,0,0
2581,50,0,7,0,0,0
2581,0,31,9,0,0,0
2581,0,0,19,0,F,0
6829,0,15,0,1,0,0
6829,0,16,0,12,0,0
6829,0,34,0,8,0,0
2160,0,0,0,0,F,0
2160,0,1,0,0,0,0
2160,0,0,14,0,0,0
1397,70,0,0,0,0,0
1397,75,0,0,0,0,weapons-related crime
1397,43,0,0,4,0,0
6944,70,0,0,0,M,0
6944,51,0,0,0,0,0
6944,57,0,0,11,0,0
45,34,0,0,0,0,0
45,76,0,0,0,0,public order crime
45,54,27,0,0,0,0
5973,0,0,19,0,0,0
5973,0,0,0,2,0,obstruction of justice
5973,57,25,0,0,0,0
5247,74,26,0,0,0,0
5247,71,0,2,0,0,0
5247,72,0,0,0,0,0
6210,0,22,0,0,0,arrested but not charged
6210,0,0,5,0,0,arrested but not charged
6210,0,0,18,6,0,0
4349,0,28,8,0,0,0
4349,81,0,0,0,0,property crime
4349,0,26,0,0,0,property crime
6363,0,0,0,9,0,arrested but not charged
6363,67,0,0,7,0,0
6363,0,0,0,10,0,0
6960,76,3,0,0,0,0
6960,67,0,0,6,0,0
6960,66,0,0,10,0,0
6088,0,2,0,0,0,arrested but not charged
6088,0,1,0,0,0,0
6088,74,19,0,0,0,0
5076,55,0,0,0,0,weapons-related crime
5076,77,0,0,9,0,0
5076,0,2,0,11,0,0
4590,0,15,0,0,0,0
4590,91,26,0,0,0,0
4590,0,29,0,0,0,obstruction of justice
2833,0,38,6,0,0,0
2833,0,33,0,0,0,obstruction of justice
2833,0,13,0,11,0,0
7172,50,0,0,0,0,0
7172,0,0,0,3,0,weapons-related crime
7172,0,0,0,5,0,arrested but not charged
5582,0,26,10,0,0,0
5582,0,7,0,0,0,0
5582,0,32,0,0,M,0
3786,0,0,16,1,0,0
3786,67,18,0,0,0,0
3786,0,16,0,12,0,0
3642,0,24,0,0,0,0
3642,0,16,0,0,0,drug crime
3642,87,0,0,13,0,0
1672,0,22,0,0,0,arrested but not charged
1672,88,0,0,11,0,0
1672,80,0,0,4,0,0
4941,0,30,0,0,0,0
4941,69,32,0,0,0,0
4941,0,18,0,0,0,public order crime
584,0,0,17,0,0,obstruction of justice
584,24,0,0,0,0,property crime
584,45,0,0,0,0,weapons-related crime
312,0,32,0,0,0,0
312,0,22,0,0,0,drug crime
312,0,4,6,0,0,0
5223,0,1,0,0,F,0
5223,69,0,0,0,F,0
5223,56,0,0,0,0,0
4704,71,0,0,2,0,0
4704,77,0,0,9,0,0
4704,58,2,0,0,0,0
3116,74,26,0,0,0,0
3116,39,0,0,0,0,0
3116,72,28,0,0,0,0
6627,0,17,0,0,0,0
6627,0,0,0,12,0,property crime
6627,0,2,0,11,0,0
3931,0,38,0,0,0,0
3931,0,24,0,0,0,violent crime
3931,0,29,0,0,0,obstruction of justice
2978,76,0,0,0,0,0
2978,72,0,0,0,0,0
2978,60,0,0,0,0,0
3876,69,32,0,0,0,0
3876,0,29,0,0,0,drug crime
3876,0,20,17,0,0,0
5215,39,0,0,0,0,0
5215,56,0,0,0,0,0
5215,43,0,0,0,0,0
158,0,35,0,0,0,drug crime
158,0,0,1,0,0,drug crime
158,22,0,16,0,0,0
1614,0,8,0,12,0,0
1614,0,0,19,0,0,0
1614,0,17,0,0,0,property crime
3201,49,0,0,0,0,weapons-related crime
3201,0,0,0,10,0,0
3201,54,0,0,4,0,0
6056,61,0,0,0,0,weapons-related crime
6056,45,0,0,0,0,public order crime
6056,71,11,0,0,0,0
6274,0,0,17,0,0,property crime
6274,0,24,0,0,0,0
6274,0,0,0,9,0,weapons-related crime
1722,30,0,0,0,F,0
1722,29,0,0,0,0,0
1722,61,0,0,0,0,0
1527,0,0,17,0,0,obstruction of justice
1527,0,31,9,0,0,0
1527,0,0,12,0,0,fraud and financial crime
416,0,5,5,0,0,0
416,83,0,0,0,0,obstruction of justice
416,0,8,0,0,0,weapons-related crime
1529,0,0,0,9,0,obstruction of justice
1529,66,0,0,4,0,0
1529,66,0,0,10,0,0
2511,0,30,0,13,0,0
2511,19,0,0,0,0,0
2511,0,21,0,0,0,0
4020,0,31,0,0,0,0
4020,0,0,7,0,0,obstruction of justice
4020,18,0,5,0,0,0
2360,92,0,0,0,0,0
2360,86,0,0,0,0,0
2360,0,24,0,0,0,0
5117,0,0,0,0,0,fraud and financial crime
5117,22,0,0,0,0,fraud and financial crime
5117,0,35,0,0,M,0
5911,0,0,19,0,0,0
5911,88,0,1,0,0,0
5911,0,28,8,0,0,0
6178,0,26,0,0,0,0
6178,0,5,7,0,0,0
6178,0,0,9,0,M,0
2217,27,0,0,8,0,0
2217,0,31,0,0,F,0
2217,58,18,0,0,0,0
5603,40,0,0,0,0,0
5603,57,0,0,0,0,obstruction of justice
5603,61,0,0,4,0,0
4872,66,0,0,10,0,0
4872,60,0,0,0,0,0
4872,0,0,0,12,M,0
5143,0,17,0,0,0,drug crime
5143,0,32,0,0,0,fraud and financial crime
5143,0,16,0,0,0,0
6797,19,0,0,0,0,0
6797,49,35,0,0,0,0
6797,0,0,18,0,0,weapons-related crime
6096,0,26,10,0,0,0
6096,0,7,0,0,0,0
6096,0,32,0,0,M,0
81,0,24,0,11,0,0
81,0,0,6,0,0,0
81,0,25,0,0,M,0
4794,74,0,0,0,0,0
4794,67,0,0,6,0,0
4794,0,0,0,10,0,fraud and financial crime
4611,0,15,0,0,0,0
4611,0,6,0,3,0,0
4611,0,29,0,0,0,obstruction of justice
5618,0,0,0,10,0,fraud and financial crime
5618,58,2,0,0,0,0
5618,77,0,0,0,0,weapons-related crime
2094,76,3,0,0,0,0
2094,0,5,0,13,0,0
2094,0,7,0,4,0,0
6207,0,5,0,0,0,public order crime
6207,0,0,0,0,0,obstruction of justice
6207,0,2,0,2,0,0
6077,0,5,0,0,0,public order crime
6077,0,0,0,11,0,arrested but not charged
6077,0,2,0,0,0,arrested but not charged
2740,0,10,0,0,0,0
2740,83,7,0,0,0,0
2740,0,0,18,0,0,obstruction of justice
5625,0,27,0,0,0,0
5625,0,0,11,0,0,obstruction of justice
5625,0,28,0,3,0,0
945,0,5,5,0,0,0
945,83,0,0,0,0,obstruction of justice
945,0,8,0,0,0,weapons-related crime
6191,51,0,0,0,0,0
6191,50,0,0,4,0,0
6191,50,0,0,0,0,0
3109,52,0,2,0,0,0
3109,72,0,16,0,0,0
3109,49,0,0,1,0,0
2087,58,0,0,0,F,0
2087,73,33,0,0,0,0
2087,66,0,0,10,0,0
1557,0,0,0,12,0,violent crime
1557,50,0,0,0,0,0
1557,75,0,0,0,0,0
3487,92,0,0,2,0,0
3487,19,0,0,0,0,0
3487,0,0,12,0,0,fraud and financial crime
5467,95,0,0,0,0,public order crime
5467,0,36,0,0,0,drug crime
5467,0,0,8,0,M,0
2303,77,0,0,0,0,weapons-related crime
2303,0,1,0,0,0,0
2303,60,0,0,0,0,0
1556,29,0,0,0,0,0
1556,47,0,0,0,0,fraud and financial crime
1556,53,0,0,0,0,drug crime
6420,0,1,10,0,0,0
6420,18,0,0,0,F,0
6420,0,28,0,10,0,0
2095,54,27,0,0,0,0
2095,0,0,17,5,0,0
2095,0,21,17,0,0,0
5424,0,8,0,0,0,violent crime
5424,0,24,0,0,0,0
5424,0,0,0,5,0,weapons-related crime
2011,0,31,0,0,0,arrested but not charged
2011,0,30,0,0,0,0
2011,0,34,0,10,0,0
2278,27,0,0,0,F,0
2278,23,0,0,6,0,0
2278,0,26,0,0,0,0
1736,29,0,0,0,0,0
1736,0,0,10,8,0,0
1736,92,32,0,0,0,0
2058,0,0,0,10,0,public order crime
2058,0,0,17,9,0,0
2058,0,0,4,0,F,0
6320,0,0,19,0,0,0
6320,0,25,15,0,0,0
6320,0,0,5,8,0,0
3840,67,0,0,0,0,obstruction of justice
3840,77,0,0,0,0,0
3840,72,0,0,0,0,property crime
4680,72,0,0,0,0,0
4680,30,0,0,0,0,arrested but not charged
4680,39,0,0,11,0,0
7142,0,32,0,0,F,0
7142,0,12,0,0,0,0
7142,0,15,0,0,0,0
5709,57,36,0,0,0,0
5709,0,24,0,0,F,0
5709,40,0,8,0,0,0
442,92,0,0,2,0,0
442,0,13,0,7,0,0
442,0,34,0,8,0,0
1530,70,0,0,0,0,0
1530,35,0,0,0,0,0
1530,47,0,0,0,0,0
6901,43,0,0,4,0,0
6901,0,0,0,10,0,fraud and financial crime
6901,44,0,0,0,0,violent crime
4125,0,0,18,0,0,0
4125,0,13,0,0,0,property crime
4125,0,20,17,0,0,0
2466,19,0,0,0,0,0
2466,0,14,0,0,0,0
2466,0,21,0,0,0,0
3932,0,0,20,5,0,0
3932,0,22,0,0,0,violent crime
3932,0,24,0,0,F,0
2668,20,0,0,7,0,0
2668,0,21,0,0,0,property crime
2668,0,28,0,3,0,0
2828,0,24,0,0,0,0
2828,0,0,14,1,0,0
2828,0,0,0,5,0,weapons-related crime
1171,0,3,0,0,0,0
1171,74,0,0,0,0,0
1171,66,0,0,10,0,0
3402,73,0,0,0,0,0
3402,50,0,0,0,0,0
3402,71,11,0,0,0,0
5833,0,19,11,0,0,0
5833,0,0,0,0,0,fraud and financial crime
5833,40,0,8,0,0,0
689,0,15,0,10,0,0
689,0,8,0,2,0,0
689,0,0,8,13,0,0
2020,0,9,0,0,0,0
2020,0,22,12,0,0,0
2020,0,9,0,0,F,0
772,61,0,0,0,0,0
772,61,0,0,6,0,0
772,69,0,0,0,0,fraud and financial crime
4343,0,0,0,8,0,weapons-related crime
4343,0,1,0,0,0,obstruction of justice
4343,77,0,0,0,0,weapons-related crime
2866,0,0,0,0,0,weapons-related crime
2866,69,0,0,0,0,fraud and financial crime
2866,67,0,0,0,0,obstruction of justice
5645,0,5,0,0,0,public order crime
5645,0,0,0,11,0,arrested but not charged
5645,0,2,0,0,0,arrested but not charged
3285,19,0,0,0,0,0
3285,49,35,0,0,0,0
3285,0,0,18,0,0,weapons-related crime
2395,66,0,0,10,0,0
2395,58,0,0,0,F,0
2395,75,0,0,2,0,0
3839,70,0,0,0,0,0
3839,72,0,0,0,0,0
3839,72,0,0,0,0,property crime
6105,77,0,0,0,M,0
6105,0,0,0,0,M,0
6105,72,0,16,0,0,0
5866,72,0,0,0,0,0
5866,73,33,0,0,0,0
5866,39,0,0,11,0,0
675,0,13,0,0,0,0
675,0,13,0,0,0,property crime
675,0,0,17,0,0,obstruction of justice
1254,67,0,0,0,0,obstruction of justice
1254,72,0,0,0,0,property crime
1254,51,0,0,0,0,0
4814,0,22,0,0,0,0
4814,0,31,0,0,0,obstruction of justice
4814,83,7,0,0,0,0
4079,40,0,0,0,0,0
4079,45,0,0,0,0,weapons-related crime
4079,58,2,0,0,0,0
3067,0,0,0,13,M,0
3067,58,0,0,0,0,0
3067,0,0,0,0,0,violent crime
4946,0,15,0,0,0,0
4946,0,37,0,10,0,0
4946,92,14,0,0,0,0
1986,92,32,0,0,0,0
1986,30,0,16,0,0,0
1986,0,26,0,0,0,0
54,0,13,0,3,0,0
54,48,16,0,0,0,0
54,19,0,0,0,0,0
5894,0,0,19,0,0,0
5894,0,25,15,0,0,0
5894,0,0,5,8,0,0
4269,0,0,11,0,0,fraud and financial crime
4269,0,18,0,1,0,0
4269,0,22,0,0,M,0
2059,0,34,0,0,0,0
2059,0,24,0,0,0,0
2059,18,0,0,0,0,0
4489,64,22,0,0,0,0
4489,76,0,0,2,0,0
4489,71,0,2,0,0,0
2933,0,11,0,11,0,0
2933,0,30,0,0,0,0
2933,0,31,0,5,0,0
437,71,11,0,0,0,0
437,72,0,0,0,0,property crime
437,72,0,0,0,0,0
1045,0,0,14,0,0,0
1045,76,0,0,0,0,public order crime
1045,67,0,0,7,0,0
1044,0,0,0,9,0,obstruction of justice
1044,67,0,0,6,0,0
1044,0,0,0,4,0,obstruction of justice
6174,0,0,19,0,0,0
6174,0,10,18,0,0,0
6174,0,0,5,8,0,0
3110,57,0,0,0,0,obstruction of justice
3110,43,0,0,0,0,0
3110,89,0,0,0,0,0
5886,51,0,0,0,0,0
5886,40,0,0,0,0,property crime
5886,50,0,0,0,0,0
6265,0,0,0,13,0,obstruction of justice
6265,50,0,0,4,0,0
6265,0,0,0,11,0,public order crime
3906,0,12,0,0,F,0
3906,0,23,0,0,0,0
3906,92,32,0,0,0,0
815,0,22,0,0,0,0
815,0,15,5,0,0,0
815,20,0,0,7,0,0
5778,0,0,0,0,M,fraud and financial crime
5778,0,0,0,0,0,fraud and financial crime
5778,74,0,0,0,0,0
1987,67,0,0,0,0,0
1987,42,0,0,0,0,0
1987,82,0,0,0,0,obstruction of justice
3534,67,0,0,7,0,0
3534,29,0,0,0,0,0
3534,61,0,0,0,0,0
3246,19,0,0,0,0,0
3246,0,8,0,11,0,0
3246,0,36,0,0,0,violent crime
6308,0,0,0,0,M,0
6308,73,0,0,0,0,0
6308,77,0,0,0,0,weapons-related crime
4353,72,23,0,0,0,0
4353,72,0,0,0,0,property crime
4353,72,0,0,0,0,0
898,41,0,0,0,0,0
898,55,0,0,0,0,0
898,70,0,0,0,0,0
3018,0,38,6,0,0,0
3018,0,33,0,0,0,obstruction of justice
3018,0,13,0,11,0,0
2729,51,0,0,0,0,0
2729,0,0,0,11,F,0
2729,47,0,0,0,0,fraud and financial crime
4949,0,15,0,0,0,0
4949,0,6,0,3,0,0
4949,0,29,0,0,0,obstruction of justice
6466,0,31,0,6,0,0
6466,18,0,5,0,0,0
6466,0,5,5,0,0,0
1354,0,23,0,0,F,0
1354,38,15,0,0,0,0
1354,0,31,0,0,0,0
6694,0,24,0,11,0,0
6694,81,0,0,0,0,fraud and financial crime
6694,0,37,0,0,0,0
3159,0,21,17,0,0,0
3159,0,15,0,10,0,0
3159,0,28,0,10,0,0
3544,74,0,0,0,0,0
3544,77,0,0,0,0,0
3544,0,0,0,12,0,arrested but not charged
257,40,0,0,0,0,0
257,45,0,0,0,0,weapons-related crime
257,58,2,0,0,0,0
2046,0,25,0,0,0,0
2046,0,6,2,0,0,0
2046,0,28,0,0,0,public order crime
3496,0,12,0,0,F,0
3496,0,23,0,0,0,0
3496,92,32,0,0,0,0
6816,0,31,0,0,0,arrested but not charged
6816,0,23,0,0,0,0
6816,0,12,0,0,F,0
1129,60,0,0,1,0,0
1129,64,0,0,0,0,0
1129,70,0,0,0,0,0
253,19,0,0,0,0,0
253,49,35,0,0,0,0
253,0,0,18,0,0,weapons-related crime
5921,51,0,0,0,0,0
5921,40,0,0,0,0,property crime
5921,50,0,0,0,0,0
3016,50,0,0,4,0,0
3016,77,0,0,9,0,0
3016,69,0,0,2,0,0
4361,75,0,0,0,0,0
4361,75,0,0,2,0,0
4361,72,23,0,0,0,0
3621,0,11,0,11,0,0
3621,0,32,0,0,0,0
3621,0,4,7,0,0,0
4728,66,0,0,10,0,0
4728,60,0,0,0,0,0
4728,0,0,0,12,M,0
3663,92,0,0,0,0,0
3663,92,6,0,0,0,0
3663,0,34,0,8,0,0
6641,64,22,0,0,0,0
6641,77,0,0,9,0,0
6641,71,0,2,0,0,0
4139,0,0,18,0,0,0
4139,0,5,5,0,0,0
4139,0,35,11,0,0,0
4279,43,0,0,4,0,0
4279,0,5,0,9,0,0
4279,77,0,0,0,0,weapons-related crime
1249,0,0,0,9,0,obstruction of justice
1249,68,0,0,0,M,0
1249,0,0,0,4,0,obstruction of justice
6397,0,0,0,6,0,violent crime
6397,0,1,0,0,M,0
6397,75,0,0,0,0,weapons-related crime
602,0,29,0,0,M,0
602,84,0,0,0,0,0
602,0,37,0,0,M,0
3712,74,26,0,0,0,0
3712,76,6,0,0,0,0
3712,70,0,0,0,0,0
2413,20,0,0,7,0,0
2413,0,21,0,0,0,property crime
2413,0,28,0,3,0,0
6997,63,0,19,0,0,0
6997,48,0,0,0,0,weapons-related crime
6997,41,0,0,0,0,fraud and financial crime
1661,19,0,0,0,0,0
1661,0,14,0,0,0,0
1661,0,21,0,0,0,0
6052,0,0,0,5,0,weapons-related crime
6052,0,2,0,11,0,0
6052,0,0,0,8,0,weapons-related crime
4778,0,25,0,0,0,0
4778,0,33,0,0,0,0
4778,0,23,0,0,0,0
1154,75,0,0,0,0,0
1154,71,0,2,0,0,0
1154,59,0,0,0,M,0
338,0,0,0,0,0,weapons-related crime
338,69,0,0,0,0,fraud and financial crime
338,67,0,0,0,0,obstruction of justice
3691,83,7,0,0,0,0
3691,81,0,0,0,0,fraud and financial crime
3691,0,29,0,0,0,0
2422,0,25,0,0,0,0
2422,0,6,2,0,0,0
2422,0,28,0,0,0,public order crime
2188,0,0,9,2,0,0
2188,0,16,0,0,0,drug crime
2188,81,0,0,0,0,property crime
83,19,0,0,0,0,0
83,49,35,0,0,0,0
83,0,0,18,0,0,weapons-related crime
1815,0,19,9,0,0,0
1815,0,7,0,0,0,0
1815,0,15,12,0,0,0
2225,0,0,9,2,0,0
2225,0,16,0,0,0,drug crime
2225,81,0,0,0,0,property crime
1746,67,0,0,6,0,0
1746,0,1,0,0,F,0
1746,0,0,14,0,0,0
4385,74,26,0,0,0,0
4385,76,0,0,0,0,0
4385,74,0,0,0,0,0
1864,0,0,0,10,0,public order crime
1864,0,0,17,9,0,0
1864,0,0,4,0,F,0
5765,49,0,0,0,0,weapons-related crime
5765,69,0,0,2,0,0
5765,61,0,1,0,0,0
5929,76,0,0,0,0,0
5929,72,0,0,0,0,0
5929,76,6,0,0,0,0
5086,0,26,0,0,F,0
5086,0,36,0,0,0,drug crime
5086,0,0,18,3,0,0
2968,0,24,0,0,0,0
2968,0,8,0,12,0,0
2968,0,0,9,0,0,drug crime
3232,65,0,0,0,0,fraud and financial crime
3232,65,0,0,0,0,0
3232,77,0,0,0,0,0
1510,0,0,0,9,0,obstruction of justice
1510,66,0,0,4,0,0
1510,66,0,0,10,0,0
2181,54,27,0,0,0,0
2181,0,0,17,5,0,0
2181,0,21,17,0,0,0
3358,76,0,0,0,0,0
3358,72,0,0,0,0,0
3358,61,0,0,4,0,0
135,0,26,3,0,0,0
135,19,0,0,0,0,0
135,0,21,0,0,0,0
2960,57,0,0,0,0,0
2960,60,0,0,1,0,0
2960,48,0,0,0,0,weapons-related crime
2875,36,0,0,0,0,0
2875,74,19,0,0,0,0
2875,47,0,0,0,0,fraud and financial crime
892,41,0,0,0,0,0
892,55,0,0,0,0,0
892,70,0,0,0,0,0
4653,56,0,0,0,0,0
4653,61,0,0,0,M,0
4653,61,0,0,0,0,weapons-related crime
5570,0,0,17,0,0,0
5570,0,21,0,0,0,public order crime
5570,83,7,0,0,0,0
6873,29,0,0,0,0,0
6873,0,37,0,5,0,0
6873,0,26,0,0,M,0
4166,0,24,0,0,0,property crime
4166,0,16,0,0,0,0
4166,0,38,0,0,0,0
290,0,25,0,0,0,0
290,0,6,2,0,0,0
290,0,28,0,0,0,public order crime
2491,0,32,0,0,0,0
2491,0,10,18,0,0,0
2491,0,21,0,0,F,0
6355,0,0,0,10,0,fraud and financial crime
6355,63,0,0,0,0,0
6355,45,0,0,0,0,public order crime
3996,0,24,0,0,0,0
3996,0,16,0,0,0,drug crime
3996,87,0,0,13,0,0
6590,0,24,0,0,0,0
6590,0,16,0,0,0,drug crime
6590,19,0,0,11,0,0
359,0,29,0,0,0,0
359,0,0,19,0,0,0
359,26,6,0,0,0,0
6379,34,0,0,0,0,0
6379,48,0,0,0,0,0
6379,68,0,0,0,M,0
4304,0,37,0,5,0,0
4304,29,30,0,0,0,0
4304,23,0,16,0,0,0
6947,0,0,0,9,0,obstruction of justice
6947,0,2,0,0,0,0
6947,60,0,0,0,0,0
5661,76,0,0,2,0,0
5661,58,2,0,0,0,0
5661,76,0,0,0,0,0
3628,0,24,0,0,0,0
3628,0,16,0,0,0,drug crime
3628,87,0,0,13,0,0
570,24,0,13,0,0,0
570,91,0,0,0,0,0
570,0,22,16,0,0,0
4061,0,24,0,0,0,0
4061,0,0,14,1,0,0
4061,0,0,0,5,0,weapons-related crime
368,59,0,18,0,0,0
368,0,0,0,0,M,0
368,72,0,16,0,0,0
4520,77,0,0,9,0,0
4520,0,5,0,0,0,public order crime
4520,0,0,0,12,0,violent crime
1036,0,5,5,0,0,0
1036,83,0,0,0,0,obstruction of justice
1036,0,8,0,0,0,weapons-related crime
5189,0,0,18,0,0,0
5189,0,13,0,0,0,property crime
5189,0,20,17,0,0,0
4095,38,0,0,0,0,0
4095,69,0,0,0,0,0
4095,69,0,0,2,0,0
3171,0,31,0,0,0,obstruction of justice
3171,0,14,0,0,M,0
3171,0,0,2,0,0,drug crime
2735,40,0,0,0,0,0
2735,77,0,0,9,0,0
2735,58,2,0,0,0,0
1352,27,0,0,8,0,0
1352,0,4,7,0,0,0
1352,0,36,0,0,F,0
3818,47,34,0,0,0,0
3818,0,21,0,0,0,0
3818,18,0,0,0,0,0
4015,53,0,0,0,0,0
4015,95,0,0,7,0,0
4015,61,0,0,0,0,weapons-related crime
5915,51,0,0,0,0,0
5915,50,0,7,0,0,0
5915,0,0,0,0,0,weapons-related crime
3076,72,0,0,0,0,0
3076,30,0,0,0,0,arrested but not charged
3076,39,0,0,11,0,0
2962,71,11,0,0,0,0
2962,60,0,0,0,0,arrested but not charged
2962,41,0,0,0,0,fraud and financial crime
5590,0,0,17,0,0,property crime
5590,0,24,0,0,0,0
5590,0,0,0,9,0,weapons-related crime
5879,0,32,0,0,0,violent crime
5879,49,35,0,0,0,0
5879,0,0,17,5,0,0
2079,0,25,0,0,0,0
2079,0,6,2,0,0,0
2079,0,28,0,0,0,public order crime
3415,0,0,9,0,0,0
3415,0,3,5,0,0,0
3415,0,0,4,12,0,0
4441,0,35,0,0,M,0
4441,0,0,19,0,0,0
4441,0,0,19,0,0,obstruction of justice
3629,0,31,0,0,0,0
3629,0,0,7,0,0,obstruction of justice
3629,18,0,5,0,0,0
2288,67,0,0,0,0,0
2288,42,0,0,0,0,0
2288,82,0,0,0,0,obstruction of justice
2203,0,0,0,10,0,public order crime
2203,0,0,17,9,0,0
2203,0,0,4,0,F,0
3637,0,11,0,11,0,0
3637,0,32,0,0,0,0
3637,0,4,7,0,0,0
3222,0,14,0,0,0,obstruction of justice
3222,0,37,0,0,M,0
3222,0,36,0,0,0,violent crime
4362,62,0,0,0,M,0
4362,76,0,0,0,0,0
4362,0,2,0,0,0,0
661,0,29,0,0,M,0
661,84,0,0,0,0,0
661,0,37,0,0,M,0
5400,0,0,0,10,0,fraud and financial crime
5400,63,0,0,0,0,0
5400,45,0,0,0,0,public order crime
839,75,0,0,2,0,0
839,0,0,0,9,0,0
839,0,0,0,4,0,obstruction of justice
961,0,5,5,0,0,0
961,83,0,0,0,0,obstruction of justice
961,0,8,0,0,0,weapons-related crime
1774,0,16,8,0,0,0
1774,0,31,0,0,0,0
1774,0,30,0,0,0,0
6253,75,0,0,0,0,0
6253,45,0,0,0,0,public order crime
6253,67,0,0,0,0,obstruction of justice
5939,75,0,0,0,0,0
5939,0,0,0,6,0,violent crime
5939,0,1,7,0,0,0
3042,61,0,0,0,M,0
3042,66,0,0,10,0,0
3042,0,0,0,10,0,0
6125,0,0,0,11,0,property crime
6125,0,0,0,12,0,violent crime
6125,0,0,0,12,0,0
802,26,0,0,0,M,0
802,0,35,0,0,0,drug crime
802,0,9,12,0,0,0
1643,19,0,0,0,0,0
1643,0,14,0,0,0,0
1643,0,21,0,0,0,0
4882,0,23,0,0,M,0
4882,0,38,0,0,0,0
4882,0,21,0,0,0,0
3612,0,8,0,0,0,weapons-related crime
3612,0,10,0,0,0,obstruction of justice
3612,29,30,0,0,0,0
4445,75,0,0,2,0,0
4445,0,5,0,9,0,0
4445,0,0,0,9,0,obstruction of justice
5797,52,0,2,0,0,0
5797,72,0,16,0,0,0
5797,49,0,0,1,0,0
1070,57,0,0,11,0,0
1070,46,0,1,0,0,0
1070,60,0,0,1,0,0
1752,92,14,0,0,0,0
1752,0,2,0,11,0,0
1752,18,0,5,0,0,0
2945,77,0,0,9,0,0
2945,72,0,16,0,0,0
2945,69,0,0,0,0,0
6867,43,0,0,4,0,0
6867,0,0,0,0,0,0
6867,61,0,1,0,0,0
4531,76,0,0,0,0,0
4531,72,0,0,0,0,0
4531,0,0,6,0,0,0
6038,0,0,0,0,0,0
6038,71,9,0,0,0,0
6038,0,0,0,11,0,violent crime
6063,0,14,0,11,0,0
6063,0,0,17,9,0,0
6063,0,35,11,0,0,0
154,74,19,0,0,0,0
154,76,0,0,2,0,0
154,66,0,0,4,0,0
326,75,0,0,0,0,weapons-related crime
326,60,0,0,0,0,0
326,76,0,0,0,0,0
5255,0,30,0,13,0,0
5255,0,34,0,0,0,0
5255,18,0,0,0,0,0
163,0,0,0,0,M,0
163,72,0,16,0,0,0
163,65,0,0,0,0,0
4172,0,10,0,0,0,0
4172,83,7,0,0,0,0
4172,0,0,9,0,M,0
4517,92,0,0,0,0,0
4517,76,6,0,0,0,0
4517,50,0,7,0,0,0
5723,0,10,0,13,0,0
5723,68,0,9,0,0,0
5723,0,0,20,2,0,0
2658,44,0,0,0,0,0
2658,30,0,0,0,0,arrested but not charged
2658,69,0,0,0,0,0
923,0,32,0,0,0,violent crime
923,81,0,0,0,0,fraud and financial crime
923,0,26,3,0,0,0
4271,66,0,0,0,0,property crime
4271,59,0,0,0,M,0
4271,55,0,0,4,0,0
6685,76,0,0,0,0,public order crime
6685,60,0,0,0,0,0
6685,77,0,0,0,0,weapons-related crime
6634,0,0,14,0,0,0
6634,0,0,11,0,0,fraud and financial crime
6634,0,0,17,0,0,property crime
3053,40,0,0,0,0,0
3053,75,0,0,0,0,weapons-related crime
3053,69,0,0,0,M,0
5597,76,0,0,0,0,0
5597,72,0,0,0,0,0
5597,72,0,0,0,0,property crime
161,0,18,0,1,0,0
161,0,0,13,0,0,0
161,0,21,0,0,0,drug crime
5162,38,15,0,0,0,0
5162,54,27,0,0,0,0
5162,19,0,0,0,0,0
527,0,0,13,0,0,public order crime
527,40,36,0,0,0,0
527,84,0,0,0,0,public order crime
6337,0,5,0,0,0,0
6337,0,0,0,8,0,weapons-related crime
6337,0,1,7,0,0,0
3372,0,8,0,11,0,0
3372,18,0,0,0,0,0
3372,23,25,0,0,0,0
1833,0,2,0,0,0,0
1833,74,19,0,0,0,0
1833,76,3,0,0,0,0
708,0,5,5,0,0,0
708,83,0,0,0,0,obstruction of justice
708,0,8,0,0,0,weapons-related crime
6031,0,26,10,0,0,0
6031,0,7,0,0,0,0
6031,0,32,0,0,M,0
2726,67,0,0,0,0,arrested but not charged
2726,0,10,0,13,0,0
2726,60,0,0,0,0,arrested but not charged
6472,71,0,0,2,0,0
6472,74,19,0,0,0,0
6472,61,0,0,0,0,0
2556,54,27,0,0,0,0
2556,0,0,17,5,0,0
2556,0,21,17,0,0,0
2949,0,0,0,0,0,weapons-related crime
2949,69,0,0,0,0,fraud and financial crime
2949,67,0,0,0,0,obstruction of justice
6309,0,0,19,0,0,0
6309,0,10,0,0,0,obstruction of justice
6309,0,28,0,3,0,0
5557,73,33,0,0,0,0
5557,70,0,14,0,0,0
5557,61,0,0,0,0,weapons-related crime
4492,50,0,0,0,0,0
4492,66,0,0,10,0,0
4492,62,0,0,0,0,0
5623,51,0,0,0,0,0
5623,40,0,0,0,0,property crime
5623,50,0,0,0,0,0
5533,0,8,0,11,0,0
5533,18,0,0,0,0,0
5533,23,25,0,0,0,0
3658,0,29,0,0,0,obstruction of justice
3658,86,0,0,0,0,0
3658,38,15,0,0,0,0
3102,39,0,0,11,0,0
3102,0,0,0,13,M,0
3102,0,0,0,10,0,violent crime
5216,52,0,2,0,0,0
5216,66,0,0,0,0,0
5216,50,0,0,4,0,0
5179,0,15,12,0,0,0
5179,0,29,0,0,0,obstruction of justice
5179,0,13,0,7,0,0
2429,45,0,0,0,F,0
2429,66,0,0,10,0,0
2429,75,0,1,0,0,0
6349,0,0,0,6,0,violent crime
6349,0,0,0,11,0,violent crime
6349,0,2,0,11,0,0
2336,66,0,0,10,0,0
2336,58,0,0,0,F,0
2336,75,0,0,2,0,0
4096,74,0,0,0,0,0
4096,74,19,0,0,0,0
4096,40,0,0,0,0,property crime
5124,25,0,0,2,0,0
5124,0,29,0,0,0,drug crime
5124,0,26,0,0,0,0
2979,90,0,0,0,0,drug crime
2979,0,37,0,0,M,0
2979,0,36,0,0,0,violent crime
4507,0,32,0,0,0,0
4507,0,22,0,0,0,drug crime
4507,0,4,6,0,0,0
6010,59,0,0,0,0,public order crime
6010,73,0,0,0,0,0
6010,57,0,0,11,0,0
2426,75,0,0,2,0,0
2426,0,1,0,0,0,0
2426,60,0,0,0,0,0
3636,0,14,0,11,0,0
3636,0,12,0,0,0,0
3636,0,35,0,0,0,0
2248,0,8,0,12,0,0
2248,0,0,19,0,0,0
2248,0,17,0,0,0,property crime
3793,0,11,0,11,0,0
3793,91,26,0,0,0,0
3793,0,9,0,0,M,0
3941,0,15,0,1,0,0
3941,0,16,0,12,0,0
3941,0,0,6,6,0,0
6421,0,32,0,0,0,violent crime
6421,49,35,0,0,0,0
6421,0,0,17,5,0,0
4606,76,0,0,0,0,0
4606,72,0,0,0,0,0
4606,58,2,0,0,0,0
3437,0,28,8,0,0,0
3437,0,10,0,0,0,obstruction of justice
3437,0,21,0,0,0,0
5768,0,34,0,0,M,0
5768,0,25,0,7,0,0
5768,23,0,0,0,0,0
6759,0,12,0,0,0,0
6759,0,16,0,0,0,drug crime
6759,0,15,0,1,0,0
1696,51,0,0,0,0,0
1696,0,0,0,11,F,0
1696,47,0,0,0,0,fraud and financial crime
5193,47,0,0,0,0,0
5193,0,0,17,5,0,0
5193,0,0,16,4,0,0
5848,0,0,19,0,0,0
5848,0,25,15,0,0,0
5848,0,35,0,0,M,0
5347,0,8,0,11,0,0
5347,18,0,0,0,0,0
5347,23,25,0,0,0,0
7115,0,0,0,4,0,weapons-related crime
7115,0,36,3,0,0,0
7115,0,29,0,0,0,drug crime
4982,0,0,0,13,M,0
4982,58,0,0,0,0,0
4982,0,0,0,0,0,violent crime
388,0,21,0,0,0,0
388,79,0,0,0,0,property crime
388,58,18,0,0,0,0
278,19,0,0,0,0,0
278,49,35,0,0,0,0
278,0,0,18,0,0,weapons-related crime
3248,74,0,0,0,0,0
3248,0,0,0,6,0,drug crime
3248,0,0,0,9,0,0
4915,0,15,0,0,0,0
4915,91,26,0,0,0,0
4915,0,29,0,0,0,obstruction of justice
3398,52,0,2,0,0,0
3398,66,0,0,0,0,0
3398,50,0,0,4,0,0
3533,0,24,0,0,0,0
3533,0,16,0,0,0,drug crime
3533,87,0,0,13,0,0
3525,36,0,0,0,0,0
3525,58,0,0,0,0,fraud and financial crime
3525,65,0,0,0,F,0
524,0,29,0,0,0,0
524,0,0,15,0,0,violent crime
524,0,37,0,0,M,0
2538,0,0,0,5,0,arrested but not charged
2538,72,28,0,0,0,0
2538,0,0,12,6,0,0
6612,0,37,0,5,0,0
6612,0,0,15,0,0,property crime
6612,0,0,18,0,0,drug crime
4276,0,16,0,12,0,0
4276,0,13,0,7,0,0
4276,43,0,0,4,0,0
2545,0,0,18,0,0,0
2545,0,33,0,11,0,0
2545,0,0,17,0,0,fraud and financial crime
5258,0,15,0,1,0,0
5258,0,16,0,12,0,0
5258,0,34,0,8,0,0
2154,67,0,0,0,0,0
2154,42,0,0,0,0,0
2154,82,0,0,0,0,obstruction of justice
1905,0,30,0,13,0,0
1905,19,0,0,0,0,0
1905,0,21,0,0,0,0
2852,65,0,0,0,0,0
2852,67,0,0,0,0,arrested but not charged
2852,34,0,0,0,0,obstruction of justice
2766,0,0,0,0,M,0
2766,77,0,0,9,0,0
2766,76,0,0,0,0,public order crime
5930,0,19,11,0,0,0
5930,0,0,0,0,0,fraud and financial crime
5930,40,0,8,0,0,0
4098,73,0,0,0,0,0
4098,76,0,0,0,0,0
4098,71,0,0,2,0,0
4035,0,21,0,0,0,drug crime
4035,22,0,0,0,0,fraud and financial crime
4035,0,19,9,0,0,0
5516,60,0,0,0,0,arrested but not charged
5516,58,2,0,0,0,0
5516,76,0,0,0,0,0
2053,0,25,0,0,0,0
2053,0,4,6,0,0,0
2053,0,28,0,0,0,public order crime
4586,0,0,0,13,M,0
4586,58,0,0,0,0,0
4586,0,0,0,0,0,violent crime
3833,75,0,0,2,0,0
3833,77,0,0,9,0,0
3833,0,2,0,11,0,0
2229,67,0,0,0,0,0
2229,42,0,0,0,0,0
2229,82,0,0,0,0,obstruction of justice
3644,0,14,0,11,0,0
3644,0,12,0,0,0,0
3644,0,35,0,0,0,0
4185,0,0,0,10,M,0
4185,0,0,0,4,M,0
4185,43,0,0,4,0,0
7045,60,0,0,0,0,0
7045,39,0,0,0,0,0
7045,74,0,0,0,0,0
1432,69,0,0,0,0,0
1432,67,0,0,0,0,property crime
1432,36,0,0,0,F,0
1806,0,0,0,10,0,public order crime
1806,0,0,17,9,0,0
1806,0,0,4,0,F,0
6959,74,0,0,0,0,0
6959,74,19,0,0,0,0
6959,40,0,0,0,0,property crime
6005,0,26,10,0,0,0
6005,0,7,0,0,0,0
6005,0,32,0,0,M,0
4820,0,0,6,0,0,0
4820,67,0,0,6,0,0
4820,0,0,0,4,0,obstruction of justice
3468,69,32,0,0,0,0
3468,0,29,0,0,0,drug crime
3468,0,20,17,0,0,0
5653,65,0,0,0,0,fraud and financial crime
5653,60,0,0,1,0,0
5653,72,0,16,0,0,0
339,0,21,17,0,0,0
339,67,18,0,0,0,0
339,0,34,0,10,0,0
1931,0,12,0,0,F,0
1931,0,23,0,0,0,0
1931,0,18,0,0,0,public order crime
4921,0,23,0,0,M,0
4921,0,27,0,0,0,arrested but not charged
4921,0,19,0,0,0,0
2544,0,31,0,5,0,0
2544,93,0,0,4,0,0
2544,47,34,0,0,0,0
3778,0,0,0,0,M,0
3778,76,6,0,0,0,0
3778,70,0,0,0,0,0
6664,0,0,0,0,0,0
6664,76,0,0,2,0,0
6664,49,0,0,0,0,weapons-related crime
733,22,0,16,0,0,0
733,78,0,0,2,0,0
733,0,29,0,0,0,public order crime
485,0,21,0,0,0,0
485,79,0,0,0,0,property crime
485,58,18,0,0,0,0
3929,0,8,0,0,0,weapons-related crime
3929,0,10,0,0,0,obstruction of justice
3929,29,30,0,0,0,0
5178,62,0,0,0,0,0
5178,45,0,0,0,0,0
5178,31,0,0,0,0,0
4885,90,0,0,0,0,drug crime
4885,0,22,0,3,0,0
4885,0,36,0,0,0,violent crime
128,43,0,0,0,0,0
128,58,0,0,0,0,fraud and financial crime
128,40,0,0,0,0,arrested but not charged
4028,39,0,0,11,0,0
4028,39,0,0,0,0,0
4028,41,0,0,0,0,0
6304,0,0,0,4,M,0
6304,72,28,0,0,0,0
6304,0,5,0,9,0,0
3946,0,20,0,0,0,0
3946,92,0,0,0,0,0
3946,0,30,0,0,0,0
457,0,0,0,0,0,obstruction of justice
457,72,28,0,0,0,0
457,77,0,0,0,M,0
3416,0,15,0,1,0,0
3416,0,16,0,12,0,0
3416,0,0,6,6,0,0
3472,75,0,0,2,0,0
3472,71,0,0,2,0,0
3472,72,23,0,0,0,0
2507,0,23,0,0,F,0
2507,0,31,0,0,F,0
2507,91,26,0,0,0,0
3029,71,11,0,0,0,0
3029,60,0,0,0,0,arrested but not charged
3029,41,0,0,0,0,fraud and financial crime
3607,0,0,12,0,0,fraud and financial crime
3607,0,17,0,0,0,property crime
3607,0,13,0,11,0,0
2093,0,0,9,2,0,0
2093,0,16,0,0,0,drug crime
2093,81,0,0,0,0,property crime
1928,0,10,0,0,0,0
1928,0,3,5,0,0,0
1928,26,6,0,0,0,0
3911,0,8,0,0,0,weapons-related crime
3911,0,10,0,0,0,obstruction of justice
3911,18,0,0,12,0,0
5394,58,0,0,0,0,fraud and financial crime
5394,74,0,0,0,0,0
5394,57,0,0,11,0,0
1041,0,32,0,0,0,0
1041,0,30,0,0,0,0
1041,0,8,0,0,0,weapons-related crime
5081,0,15,0,10,0,0
5081,90,0,0,0,M,0
5081,24,0,13,0,0,0
1698,65,0,0,0,F,0
1698,77,0,0,9,0,0
1698,69,0,0,2,0,0
7096,75,0,0,2,0,0
7096,77,0,0,0,0,0
7096,71,0,0,2,0,0
3115,60,0,7,0,0,0
3115,69,0,0,0,0,fraud and financial crime
3115,0,0,0,4,0,obstruction of justice
3835,94,0,0,6,0,0
3835,22,0,16,0,0,0
3835,0,38,0,0,M,0
5673,76,0,0,0,0,0
5673,72,0,0,0,0,0
5673,58,2,0,0,0,0
1382,0,35,0,0,0,drug crime
1382,79,0,0,0,0,fraud and financial crime
1382,0,0,17,0,0,fraud and financial crime
2885,74,19,0,0,0,0
2885,68,0,0,0,M,0
2885,0,0,0,4,0,obstruction of justice
854,0,0,0,7,M,0
854,0,0,3,0,M,0
854,43,0,0,4,0,0
5696,0,5,0,13,0,0
5696,0,22,0,0,0,arrested but not charged
5696,89,0,0,0,0,obstruction of justice
1017,53,0,7,0,0,0
1017,47,0,0,0,0,fraud and financial crime
1017,40,0,8,0,0,0
1184,0,0,15,0,0,drug crime
1184,0,0,12,0,0,public order crime
1184,0,0,3,8,0,0
6183,0,2,0,2,0,0
6183,76,0,0,0,0,public order crime
6183,0,2,0,11,0,0
3327,34,0,0,0,0,0
3327,48,0,0,0,0,0
3327,68,0,0,0,M,0
554,69,0,0,2,0,0
554,67,0,0,6,0,0
554,55,0,0,4,0,0
5354,76,0,0,0,0,0
5354,72,0,0,0,0,0
5354,73,33,0,0,0,0
2800,0,30,0,13,0,0
2800,0,22,0,0,0,arrested but not charged
2800,0,5,7,0,0,0
2987,64,0,0,0,0,0
2987,59,0,0,0,M,0
2987,71,0,2,0,0,0
80,70,0,0,0,M,0
80,51,0,0,0,0,0
80,57,0,0,11,0,0
1587,30,0,0,0,F,0
1587,29,0,0,0,0,0
1587,61,0,0,0,0,0
5587,66,0,0,10,0,0
5587,71,9,0,0,0,0
5587,0,0,0,0,0,0
1418,0,15,12,0,0,0
1418,0,7,0,4,0,0
1418,18,0,0,0,0,0
6987,0,18,0,1,0,0
6987,0,8,0,11,0,0
6987,57,25,0,0,0,0
3610,0,24,0,0,0,0
3610,0,16,0,0,0,drug crime
3610,87,0,0,13,0,0
3921,0,23,0,0,F,0
3921,0,13,0,0,F,0
3921,0,10,0,0,F,0
2041,57,0,0,11,0,0
2041,72,0,0,0,0,property crime
2041,0,0,17,5,0,0
2025,0,0,18,0,0,0
2025,0,0,14,1,0,0
2025,94,0,0,9,0,0
832,71,11,0,0,0,0
832,50,0,0,4,0,0
832,76,0,0,0,0,0
3290,74,0,0,0,0,0
3290,74,19,0,0,0,0
3290,40,0,0,0,0,property crime
2387,48,0,0,0,0,weapons-related crime
2387,51,0,0,0,0,0
2387,75,0,0,2,0,0
6343,76,0,0,0,0,0
6343,72,0,0,0,0,0
6343,76,6,0,0,0,0
569,54,0,0,0,0,0
569,0,0,0,10,0,fraud and financial crime
569,74,26,0,0,0,0
4442,71,0,0,2,0,0
4442,77,0,0,9,0,0
4442,58,2,0,0,0,0
93,74,0,0,0,0,0
93,0,0,0,10,0,public order crime
93,0,1,0,0,0,0
2794,0,15,0,0,0,0
2794,20,0,0,7,0,0
2794,0,14,14,0,0,0
4608,51,0,0,0,0,0
4608,0,0,4,12,0,0
4608,47,0,0,0,0,fraud and financial crime
5123,0,16,8,0,0,0
5123,0,0,0,11,0,drug crime
5123,89,13,0,0,0,0
3992,0,19,0,0,0,property crime
3992,0,24,0,0,0,violent crime
3992,0,26,0,0,0,violent crime
2908,59,0,0,0,0,0
2908,48,0,0,0,0,0
2908,76,0,0,0,0,public order crime
4642,66,0,0,10,0,0
4642,60,0,0,0,0,0
4642,0,0,0,12,M,0
5882,77,0,0,0,M,0
5882,0,0,0,0,M,0
5882,72,0,16,0,0,0
4419,58,0,0,0,0,0
4419,61,0,0,0,M,0
4419,77,0,0,9,0,0
1627,0,0,0,12,0,fraud and financial crime
1627,0,0,0,0,0,0
1627,65,0,0,0,0,drug crime
3892,0,34,0,0,0,property crime
3892,0,22,0,0,0,drug crime
3892,0,28,0,7,0,0
4723,90,0,0,0,0,drug crime
4723,0,22,0,3,0,0
4723,0,36,0,0,0,violent crime
35,0,15,0,0,0,0
35,20,0,0,7,0,0
35,0,14,14,0,0,0
1937,67,0,0,0,0,obstruction of justice
1937,71,0,0,2,0,0
1937,69,0,0,0,0,0
5496,76,3,0,0,0,0
5496,0,5,0,10,0,0
5496,61,0,0,4,0,0
5865,61,0,0,0,0,0
5865,0,5,0,11,0,0
5865,0,0,0,11,0,arrested but not charged
3049,65,0,0,0,0,0
3049,58,0,0,0,0,fraud and financial crime
3049,50,0,0,4,0,0
6914,0,25,0,0,0,0
6914,0,19,0,0,0,property crime
6914,0,24,0,0,0,property crime
3848,73,0,0,0,0,0
3848,0,2,0,0,0,arrested but not charged
3848,61,0,0,0,M,0
6805,76,0,0,0,0,0
6805,72,0,0,0,0,0
6805,61,0,0,4,0,0
4597,59,0,0,0,0,0
4597,48,0,0,0,0,0
4597,76,0,0,0,0,public order crime
6577,0,0,18,6,0,0
6577,23,0,16,0,0,0
6577,0,20,17,0,0,0
1342,0,36,0,10,0,0
1342,81,0,20,0,0,0
1342,0,13,0,7,0,0
2128,29,30,0,0,0,0
2128,0,15,0,0,0,0
2128,0,16,0,0,0,0
5986,0,38,0,0,0,0
5986,0,25,0,0,0,0
5986,0,12,8,0,0,0
3146,0,32,0,0,0,0
3146,0,22,0,0,0,drug crime
3146,0,4,6,0,0,0
4369,24,0,0,11,0,0
4369,0,24,0,0,0,violent crime
4369,0,0,12,1,0,0
2948,72,28,0,0,0,0
2948,0,0,0,10,0,fraud and financial crime
2948,76,0,0,0,0,public order crime
1896,31,0,11,0,0,0
1896,18,0,0,0,0,0
1896,29,30,0,0,0,0
6859,0,28,0,12,0,0
6859,0,31,0,0,0,obstruction of justice
6859,0,16,0,7,0,0
3242,76,0,0,0,0,0
3242,72,0,0,0,0,0
3242,71,0,0,2,0,0
1023,45,0,0,0,M,0
1023,39,0,0,0,0,0
1023,71,11,0,0,0,0
735,70,0,0,0,M,0
735,61,0,0,0,0,0
735,75,0,0,2,0,0
357,0,0,19,0,0,0
357,0,25,15,0,0,0
357,47,34,0,0,0,0
552,88,0,0,11,0,0
552,90,0,0,0,M,0
552,0,24,0,2,0,0
2042,20,0,0,7,0,0
2042,0,21,0,0,0,property crime
2042,0,28,0,3,0,0
6424,90,0,0,0,M,0
6424,28,0,0,0,0,0
6424,23,25,0,0,0,0
